Docs Title,Docs Slug,Docs Content,Featured Image,Category Name,Category Slug,Knowledge Base,Knowledge Base Slug,Status
Why Does Time Feel Different in Various Life Moments?,know-about-time,"<h2>The Essence of Time: </h2>
<p>Time, an intangible force that governs the very fabric of our existence, serves as the foundation upon which the narratives of our lives unfold. From the rhythmic ticking of a clock to the cyclical patterns of celestial bodies, its influence is undeniable. The concept of time marks the past with memories, the present with actions, and the future with boundless possibilities, shaping our perceptions and interactions with the world.</p>

<h2>Time's Multifaceted Presence:</h2>
<p>Beyond the mundane ticking of clocks, time manifests in diverse forms, from the relentless march of moments to the cyclical patterns observed in nature. It acts as both a witness and a healer, allowing for growth, adaptation, and reflection. Time influences not only individual experiences but also the broader tapestry of human history, with its ebbs and flows shaping the course of civilizations, cultures, and societies.</p>

<h2>Navigating the Currents of Time:</h2>
<p>As we journey through the river of time, we find ourselves caught between the nostalgia of moments past and the anticipation of those yet to come. Philosophers contemplate its essence, scientists unravel its relativistic intricacies, and poets capture its fleeting beauty. The enigma of time invites us to reflect on the impermanence of all things, illustrating the profound impact of this omnipresent force on the human </p>",,Getting Started,getting-started,Digital Product,digital-product,publish
Why Are Rivers Vital Ecosystems for Biodiversity?,know-about-river,"<h2>Natural Ecosystem:</h2>
<p>Rivers play a crucial role in the natural ecosystem, serving as lifelines that sustain diverse flora and fauna. These water bodies create intricate habitats for a myriad of organisms, contributing to the overall biodiversity of an area. The flowing waters of a river provide essential resources and support intricate food webs, making them vital components of Earth's ecosystems.</p>

<h2>Human Civilization and Culture:</h2>
<p>Throughout history, rivers have been integral to the development of human civilizations and cultures. They have served as sources of water for agriculture, transportation routes, and centers of human settlement. Many of the world's greatest civilizations, from the ancient Mesopotamians to the Egyptians and the Chinese, flourished along the banks of rivers. These waterways not only provided sustenance and transportation but also influenced the cultural practices, rituals, and beliefs of the communities that thrived alongside them.</p>

<h2>Environmental Challenges and Conservation:</h2>
<p>In the face of modern challenges such as pollution, over-extraction, and climate change, rivers are increasingly vulnerable. Human activities, including industrial discharges and deforestation, pose threats to the health of these water bodies and the ecosystems they support. Conservation efforts are crucial to preserving the integrity of rivers, ensuring sustainable water management, and protecting the myriad of species that depend on them. By addressing these challenges, we can secure the future of rivers as essential components of both natural ecosystems and human societies.</p>",,Getting Started,getting-started,Digital Product,digital-product,publish
How Does WordPress Adapt to Evolving Web Development Trends?,know-about-wordpress,"<h2>Content Management Powerhouse:</h2>
<p>WordPress stands as a formidable content management system (CMS) that has transformed the landscape of website creation and management. Boasting a user-friendly interface, it empowers individuals and businesses to effortlessly build and customize websites, even without extensive technical expertise. Its versatility extends from simple blogs to complex e-commerce platforms, making it a go-to choice for millions seeking an accessible yet robust solution for their online presence.</p>

<h2>2. Open-Source Flexibility:</h2>
<p>One of WordPress's key strengths lies in its open-source nature, fostering a global community of developers and contributors. This collaborative ecosystem continuously enhances the platform's functionality through plugins and themes. The vast repository of plugins allows users to tailor their websites to specific needs, from SEO optimization to e-commerce capabilities. This open-source ethos ensures that WordPress remains dynamic, adaptable, and able to keep pace with evolving web development trends.</p>
<h2>3. Empowering Website Owners:</h2>
<p>WordPress not only simplifies website creation but also puts control firmly in the hands of website owners. With an intuitive dashboard, users can easily manage content, update designs, and incorporate new features. Regular updates from the WordPress team ensure security and performance improvements, contributing to a platform that empowers users to stay competitive in the ever-evolving digital landscape. Overall, WordPress stands as a cornerstone in the world of web development, enabling individuals and businesses to establish and maintain a powerful online presence.</p>",,Getting Started,getting-started,Digital Product,digital-product,publish
How Can SEO Strategies Adapt to Changing User Behaviors and Preferences?,why-seo-is-important,"<h2>Search Engine Optimization (SEO) Fundamentals:</h2>

<p>SEO, or Search Engine Optimization, is a critical facet of digital marketing that focuses on enhancing a website's visibility in search engine results. At its core, SEO aims to improve the relevance and credibility of a website's content to match users' search queries. By understanding and implementing SEO best practices, businesses and individuals can increase their chances of appearing on the coveted first page of search engine results, ultimately driving organic traffic and improving online presence.</p>

<h2>On-Page and Off-Page Optimization:</h2>

<p>SEO strategies can be broadly categorized into on-page and off-page optimization. On-page factors involve optimizing elements within the website, such as meta tags, content, and multimedia, to ensure they align with search engine algorithms. Off-page optimization, on the other hand, concentrates on building a website's authority through backlinks, social media signals, and other external factors. A balanced approach to both on-page and off-page optimization is crucial for a comprehensive SEO strategy.</p>

<h2>Evolving Dynamics and Future Trends:</h2>

<p>The field of SEO is dynamic, continually evolving as search engine algorithms adapt and user behaviors change. Staying abreast of industry trends, such as the increasing importance of mobile optimization and voice search, is essential for maintaining effective SEO practices. As search engines become more sophisticated, SEO professionals must also consider factors like user experience, site speed, and technical SEO to ensure websites not only rank well but also provide a seamless experience for visitors. Keeping pace with these dynamic dynamics is integral to the sustained success of any SEO strategy.</p>",,Getting Started,getting-started,Digital Product,digital-product,publish
Why Are Smartwatches Considered Versatile Companions Tailored to Individual Needs?,why-smart-watch-is-important,"<h2>Wearable Technology Revolution:</h2> 
<p>Smartwatches represent a significant leap in the realm of wearable technology, seamlessly blending fashion and functionality. These compact devices, worn on the wrist like traditional watches, serve as powerful extensions of smartphones, offering a diverse range of features beyond just telling time. With capabilities such as fitness tracking, heart rate monitoring, and notifications at a glance, smartwatches have become indispensable companions in the modern era, ushering in a new era of connectivity on the go.</p>

<h2>Fitness and Health Tracking Hub:</h2> 
<p>A standout feature of smartwatches is their prowess in health and fitness tracking. Equipped with sensors that monitor steps, distance, and even sleep patterns, these devices empower users to take charge of their well-being. Advanced models integrate heart rate monitors, GPS, and dedicated fitness apps, transforming smartwatches into comprehensive health hubs that facilitate personalized fitness routines and encourage an active lifestyle.</p> 
<h2>Seamless Connectivity and Customization:</h2> 
<p>Smartwatches seamlessly integrate with smartphones, enabling users to receive notifications, answer calls, and respond to messages directly from their wrists. Beyond communication, these devices often support a variety of apps, allowing users to customize their smartwatch experience based on personal preferences. From changing watch faces to installing productivity apps, the versatility and adaptability of smartwatches make them versatile companions tailored to individual needs.</p>",,Getting Started,getting-started,Digital Product,digital-product,publish
How Moments Shape Our Lives?,why-time-is-important,"<h2>The Essence of Time: </h2>
<p>Time, an intangible force that governs the very fabric of our existence, serves as the foundation upon which the narratives of our lives unfold. From the rhythmic ticking of a clock to the cyclical patterns of celestial bodies, its influence is undeniable. The concept of time marks the past with memories, the present with actions, and the future with boundless possibilities, shaping our perceptions and interactions with the world.</p>

<h2>Time's Multifaceted Presence:</h2>
<p>Beyond the mundane ticking of clocks, time manifests in diverse forms, from the relentless march of moments to the cyclical patterns observed in nature. It acts as both a witness and a healer, allowing for growth, adaptation, and reflection. Time influences not only individual experiences but also the broader tapestry of human history, with its ebbs and flows shaping the course of civilizations, cultures, and societies.</p>

 <h2>Navigating the Currents of Time:</h2>
<p>As we journey through the river of time, we find ourselves caught between the nostalgia of moments past and the anticipation of those yet to come. Philosophers contemplate its essence, scientists unravel its relativistic intricacies, and poets capture its fleeting beauty. The enigma of time invites us to reflect on the impermanence of all things, illustrating the profound impact of this omnipresent force on the human </p>",,Configurations,configurations,Digital Service,digital-service,publish
What Intricate Ecosystems Thrive Along the Banks of Rivers?,why-rivers-are-important-for-ecosystem,"<h2>Natural Ecosystem:</h2>
<p>Rivers play a crucial role in the natural ecosystem, serving as lifelines that sustain diverse flora and fauna. These water bodies create intricate habitats for a myriad of organisms, contributing to the overall biodiversity of an area. The flowing waters of a river provide essential resources and support intricate food webs, making them vital components of Earth's ecosystems.</p>

<h2>Human Civilization and Culture:</h2>
<p>Throughout history, rivers have been integral to the development of human civilizations and cultures. They have served as sources of water for agriculture, transportation routes, and centers of human settlement. Many of the world's greatest civilizations, from the ancient Mesopotamians to the Egyptians and the Chinese, flourished along the banks of rivers. These waterways not only provided sustenance and transportation but also influenced the cultural practices, rituals, and beliefs of the communities that thrived alongside them.</p>

<h2>Environmental Challenges and Conservation:</h2>
<p>In the face of modern challenges such as pollution, over-extraction, and climate change, rivers are increasingly vulnerable. Human activities, including industrial discharges and deforestation, pose threats to the health of these water bodies and the ecosystems they support. Conservation efforts are crucial to preserving the integrity of rivers, ensuring sustainable water management, and protecting the myriad of species that depend on them. By addressing these challenges, we can secure the future of rivers as essential components of both natural ecosystems and human societies.</p>",,Configurations,configurations,Digital Service,digital-service,publish
How Does WordPress Revolutionize Website Management for Beginners?,wordpress-revolutionize,"<h2>Content Management Powerhouse:</h2>
<p>WordPress stands as a formidable content management system (CMS) that has transformed the landscape of website creation and management. Boasting a user-friendly interface, it empowers individuals and businesses to effortlessly build and customize websites, even without extensive technical expertise. Its versatility extends from simple blogs to complex e-commerce platforms, making it a go-to choice for millions seeking an accessible yet robust solution for their online presence.</p>

<h2>2. Open-Source Flexibility:</h2>
<p>One of WordPress's key strengths lies in its open-source nature, fostering a global community of developers and contributors. This collaborative ecosystem continuously enhances the platform's functionality through plugins and themes. The vast repository of plugins allows users to tailor their websites to specific needs, from SEO optimization to e-commerce capabilities. This open-source ethos ensures that WordPress remains dynamic, adaptable, and able to keep pace with evolving web development trends.</p>
<h2>3. Empowering Website Owners:</h2>
<p>WordPress not only simplifies website creation but also puts control firmly in the hands of website owners. With an intuitive dashboard, users can easily manage content, update designs, and incorporate new features. Regular updates from the WordPress team ensure security and performance improvements, contributing to a platform that empowers users to stay competitive in the ever-evolving digital landscape. Overall, WordPress stands as a cornerstone in the world of web development, enabling individuals and businesses to establish and maintain a powerful online presence.</p>",,Installation,installation,Digital Service,digital-service,publish
Why is Staying Updated on SEO Trends Crucial for Digital Marketers?,learn-more-about-seo,"<h2>Search Engine Optimization (SEO) Fundamentals:</h2>

<p>SEO, or Search Engine Optimization, is a critical facet of digital marketing that focuses on enhancing a website's visibility in search engine results. At its core, SEO aims to improve the relevance and credibility of a website's content to match users' search queries. By understanding and implementing SEO best practices, businesses and individuals can increase their chances of appearing on the coveted first page of search engine results, ultimately driving organic traffic and improving online presence.</p>

<h2>On-Page and Off-Page Optimization:</h2>

<p>SEO strategies can be broadly categorized into on-page and off-page optimization. On-page factors involve optimizing elements within the website, such as meta tags, content, and multimedia, to ensure they align with search engine algorithms. Off-page optimization, on the other hand, concentrates on building a website's authority through backlinks, social media signals, and other external factors. A balanced approach to both on-page and off-page optimization is crucial for a comprehensive SEO strategy.</p>

<h2>Evolving Dynamics and Future Trends:</h2>

<p>The field of SEO is dynamic, continually evolving as search engine algorithms adapt and user behaviors change. Staying abreast of industry trends, such as the increasing importance of mobile optimization and voice search, is essential for maintaining effective SEO practices. As search engines become more sophisticated, SEO professionals must also consider factors like user experience, site speed, and technical SEO to ensure websites not only rank well but also provide a seamless experience for visitors. Keeping pace with these dynamic dynamics is integral to the sustained success of any SEO strategy.</p>",,Installation,installation,Digital Service,digital-service,publish
How Can Users Customize and Personalize Their Smartwatch Experience?,smartwatch-experience,"<h2>Wearable Technology Revolution:</h2> 
<p>Smartwatches represent a significant leap in the realm of wearable technology, seamlessly blending fashion and functionality. These compact devices, worn on the wrist like traditional watches, serve as powerful extensions of smartphones, offering a diverse range of features beyond just telling time. With capabilities such as fitness tracking, heart rate monitoring, and notifications at a glance, smartwatches have become indispensable companions in the modern era, ushering in a new era of connectivity on the go.</p>

<h2>Fitness and Health Tracking Hub:</h2> 
<p>A standout feature of smartwatches is their prowess in health and fitness tracking. Equipped with sensors that monitor steps, distance, and even sleep patterns, these devices empower users to take charge of their well-being. Advanced models integrate heart rate monitors, GPS, and dedicated fitness apps, transforming smartwatches into comprehensive health hubs that facilitate personalized fitness routines and encourage an active lifestyle.</p> 
<h2>Seamless Connectivity and Customization:</h2> 
<p>Smartwatches seamlessly integrate with smartphones, enabling users to receive notifications, answer calls, and respond to messages directly from their wrists. Beyond communication, these devices often support a variety of apps, allowing users to customize their smartwatch experience based on personal preferences. From changing watch faces to installing productivity apps, the versatility and adaptability of smartwatches make them versatile companions tailored to individual needs.</p>
",,Setup Process,setup-process,Digital Service,digital-service,publish