Device,Telco,Rate plan,RRP,Device monthly,Plan monthly,Gross monthly,Total cost of ownership,Months,Select plan Range,summary RM58 plan,,,,summary RM88 plan,,
iPhone 16 128GB,Yes 5G,Infinite+ Basic 58,"3,999",98,58,156,"5,616",36,< RM100 plan,,,,,,,
iPhone 16 128GB,Yes 5G,Infinite+ Standard 88,"3,999",70,88,158,"5,688",36,< RM100 plan,,,,,,,
iPhone 16 128GB,Telco U,U Postpaid 68,"3,999",100,68,168,"6,048",36,< RM100 plan,Save up to,RM432,with Yes 5G,,Save up to,RM360,with Yes 5G
iPhone 16 128GB,Telco U,U Postpaid 98,"3,999",91,98,189,"6,804",36,< RM100 plan,Save up to,"RM1,188",with Yes 5G,,Save up to,"RM1,116",with Yes 5G
iPhone 16 128GB,Telco CD,Postpaid 5G 100,"3,999",100,90,190,"6,840",36,< RM100 plan,Save up to,"RM1,224",with Yes 5G,,Save up to,"RM1,152",with Yes 5G
iPhone 16 128GB,Yes 5G,Infinite+ Premium 118,"3,999",50,118,168,"6,048",36,RM101 - RM149 plan,,,,,,,
iPhone 16 128GB,Telco CD,Postpaid 5G 120,"3,999",88,110,198,"7,128",36,RM101 - RM149 plan,Save up to,"RM1,080",with Yes 5G,,,,
iPhone 16 128GB,Telco M,Telco M Postpaid 109,"3,999",100,109,209,"7,524",36,RM101 - RM149 plan,Save up to,"RM1,476",with Yes 5G,,,,
iPhone 16 128GB,Telco CD,Postpaid 5G 140,"3,999",86,130,216,"7,776",36,RM101 - RM149 plan,Save up to,"RM1,728",with Yes 5G,,,,
iPhone 16 128GB,Telco M,Telco M Postpaid 139,"3,999",87,139,226,"8,136",36,RM101 - RM149 plan,Save up to,"RM2,088",with Yes 5G,,,,
iPhone 16 128GB,Yes 5G,Infinite+ Ultra 178,"3,999",16,178,194,"6,984",36,> RM150 plan,,,,,,,
iPhone 16 128GB,Telco CD,Postpaid 5G 160,"3,999",84,150,234,"8,424",36,> RM150 plan,Save up to,"RM1,440",with Yes 5G,,,,
iPhone 16 128GB,Telco M,Telco M Postpaid 169,"3,999",84,169,253,"9,108",36,> RM150 plan,Save up to,"RM2,124",with Yes 5G,,,,
iPhone 16 128GB,Telco M,Telco M Postpaid 199,"3,999",81,199,280,"10,080",36,> RM150 plan,Save up to,"RM3,096",with Yes 5G,,,,
iPhone 16 256GB,Yes 5G,Infinite+ Basic 58,"4,499",111,58,169,"6,084",36,< RM100 plan,,,,,,,
iPhone 16 256GB,Yes 5G,Infinite+ Standard 88,"4,499",93,88,181,"6,516",36,< RM100 plan,,,,,,,
iPhone 16 256GB,Telco U,U Postpaid 68,"4,499",113,68,181,"6,516",36,< RM100 plan,Save up to,RM432,with Yes 5G,,,,
iPhone 16 256GB,Telco U,U Postpaid 98,"4,499",103,98,201,"7,236",36,< RM100 plan,Save up to,"RM1,152",with Yes 5G,,,,
iPhone 16 256GB,Telco CD,Postpaid 5G 100,"4,499",113,90,203,"7,308",36,< RM100 plan,Save up to,"RM1,224",with Yes 5G,,,,
iPhone 16 256GB,Yes 5G,Infinite+ Premium 118,"4,499",73,118,191,"6,876",36,RM101 - RM149 plan,,,,,,,
iPhone 16 256GB,Telco CD,Postpaid 5G 120,"4,499",101,110,211,"7,596",36,RM101 - RM149 plan,Save up to,RM720,with Yes 5G,,,,
iPhone 16 256GB,Telco M,Telco M Postpaid 109,"4,499",113,109,222,"7,992",36,RM101 - RM149 plan,Save up to,"RM1,116",with Yes 5G,,,,
iPhone 16 256GB,Telco CD,Postpaid 5G 140,"4,499",99,130,229,"8,244",36,RM101 - RM149 plan,Save up to,"RM1,368",with Yes 5G,,,,
iPhone 16 256GB,Telco M,Telco M Postpaid 139,"4,499",99,139,238,"8,568",36,RM101 - RM149 plan,Save up to,"RM1,692",with Yes 5G,,,,
iPhone 16 256GB,Yes 5G,Infinite+ Ultra 178,"4,499",29,178,207,"7,452",36,> RM150 plan,,,,,,,
iPhone 16 256GB,Telco CD,Postpaid 5G 160,"4,499",97,150,247,"8,892",36,> RM150 plan,Save up to,"RM1,440",with Yes 5G,,,,
iPhone 16 256GB,Telco M,Telco M Postpaid 169,"4,499",96,169,265,"9,540",36,> RM150 plan,Save up to,"RM2,088",with Yes 5G,,,,
iPhone 16 256GB,Telco M,Telco M Postpaid 199,"4,499",93,199,292,"10,512",36,> RM150 plan,Save up to,"RM3,060",with Yes 5G,,,,
iPhone 16 512GB,Yes 5G,Infinite+ Basic 58,"5,499",136,58,194,"6,984",36,< RM100 plan,,,,,,,
iPhone 16 512GB,Yes 5G,Infinite+ Standard 88,"5,499",118,88,206,"7,416",36,< RM100 plan,,,,,,,
iPhone 16 512GB,Telco U,U Postpaid 68,"5,499",138,68,206,"7,416",36,< RM100 plan,Save up to,RM432,with Yes 5G,,,,
iPhone 16 512GB,Telco U,U Postpaid 98,"5,499",129,98,227,"8,172",36,< RM100 plan,Save up to,"RM1,188",with Yes 5G,,,,
iPhone 16 512GB,Telco CD,Postpaid 5G 100,"5,499",138,90,228,"8,208",36,< RM100 plan,Save up to,"RM1,224",with Yes 5G,,,,
iPhone 16 512GB,Yes 5G,Infinite+ Premium 118,"5,499",99,118,217,"7,812",36,RM101 - RM149 plan,,,,,,,
iPhone 16 512GB,Telco CD,Postpaid 5G 120,"5,499",126,110,236,"8,496",36,RM101 - RM149 plan,Save up to,RM684,with Yes 5G,,,,
iPhone 16 512GB,Telco M,Telco M Postpaid 109,"5,499",138,109,247,"8,892",36,RM101 - RM149 plan,Save up to,"RM1,080",with Yes 5G,,,,
iPhone 16 512GB,Telco CD,Postpaid 5G 140,"5,499",124,130,254,"9,144",36,RM101 - RM149 plan,Save up to,"RM1,332",with Yes 5G,,,,
iPhone 16 512GB,Telco M,Telco M Postpaid 139,"5,499",124,139,263,"9,468",36,RM101 - RM149 plan,Save up to,"RM1,656",with Yes 5G,,,,
iPhone 16 512GB,Yes 5G,Infinite+ Ultra 178,"5,499",55,178,233,"8,388",36,> RM150 plan,,,,,,,
iPhone 16 512GB,Telco CD,Postpaid 5G 160,"5,499",122,150,272,"9,792",36,> RM150 plan,Save up to,"RM1,404",with Yes 5G,,,,
iPhone 16 512GB,Telco M,Telco M Postpaid 169,"5,499",121,169,290,"10,440",36,> RM150 plan,Save up to,"RM2,052",with Yes 5G,,,,
iPhone 16 512GB,Telco M,Telco M Postpaid 199,"5,499",118,199,317,"11,412",36,> RM150 plan,Save up to,"RM3,024",with Yes 5G,,,,
iPhone 16 Plus 128GB,Yes 5G,Infinite+ Basic 58,"4,499",111,58,169,"6,084",36,< RM100 plan,,,,,,,
iPhone 16 Plus 128GB,Yes 5G,Infinite+ Standard 88,"4,499",93,88,181,"6,516",36,< RM100 plan,,,,,,,
iPhone 16 Plus 128GB,Telco U,U Postpaid 68,"4,499",113,68,181,"6,516",36,< RM100 plan,Save up to,RM432,with Yes 5G,,,,
iPhone 16 Plus 128GB,Telco U,U Postpaid 98,"4,499",103,98,201,"7,236",36,< RM100 plan,Save up to,"RM1,152",with Yes 5G,,,,
iPhone 16 Plus 128GB,Telco CD,Postpaid 5G 100,"4,499",113,90,203,"7,308",36,< RM100 plan,Save up to,"RM1,224",with Yes 5G,,,,
iPhone 16 Plus 128GB,Yes 5G,Infinite+ Premium 118,"4,499",73,118,191,"6,876",36,RM101 - RM149 plan,,,,,,,
iPhone 16 Plus 128GB,Telco CD,Postpaid 5G 120,"4,499",101,110,211,"7,596",36,RM101 - RM149 plan,Save up to,RM720,with Yes 5G,,,,
iPhone 16 Plus 128GB,Telco M,Telco M Postpaid 109,"4,499",113,109,222,"7,992",36,RM101 - RM149 plan,Save up to,"RM1,116",with Yes 5G,,,,
iPhone 16 Plus 128GB,Telco CD,Postpaid 5G 140,"4,499",99,130,229,"8,244",36,RM101 - RM149 plan,Save up to,"RM1,368",with Yes 5G,,,,
iPhone 16 Plus 128GB,Telco M,Telco M Postpaid 139,"4,499",99,139,238,"8,568",36,RM101 - RM149 plan,Save up to,"RM1,692",with Yes 5G,,,,
iPhone 16 Plus 128GB,Yes 5G,Infinite+ Ultra 178,"4,499",29,178,207,"7,452",36,> RM150 plan,,,,,,,
iPhone 16 Plus 128GB,Telco CD,Postpaid 5G 160,"4,499",97,150,247,"8,892",36,> RM150 plan,Save up to,"RM1,440",with Yes 5G,,,,
iPhone 16 Plus 128GB,Telco M,Telco M Postpaid 169,"4,499",96,169,265,"9,540",36,> RM150 plan,Save up to,"RM2,088",with Yes 5G,,,,
iPhone 16 Plus 128GB,Telco M,Telco M Postpaid 199,"4,499",93,199,292,"10,512",36,> RM150 plan,Save up to,"RM3,060",with Yes 5G,,,,
iPhone 16 Plus 256GB,Yes 5G,Infinite+ Basic 58,"4,999",123,58,181,"6,516",36,< RM100 plan,,,,,,,
iPhone 16 Plus 256GB,Yes 5G,Infinite+ Standard 88,"4,999",105,88,193,"6,948",36,< RM100 plan,,,,,,,
iPhone 16 Plus 256GB,Telco U,U Postpaid 68,"4,999",126,68,194,"6,984",36,< RM100 plan,Save up to,RM468,with Yes 5G,,,,
iPhone 16 Plus 256GB,Telco U,U Postpaid 98,"4,999",116,98,214,"7,704",36,< RM100 plan,Save up to,"RM1,188",with Yes 5G,,,,
iPhone 16 Plus 256GB,Telco CD,Postpaid 5G 100,"4,999",126,90,216,"7,776",36,< RM100 plan,Save up to,"RM1,260",with Yes 5G,,,,
iPhone 16 Plus 256GB,Yes 5G,Infinite+ Premium 118,"4,999",86,118,204,"7,344",36,RM101 - RM149 plan,,,,,,,
iPhone 16 Plus 256GB,Telco CD,Postpaid 5G 120,"4,999",114,110,224,"8,064",36,RM101 - RM149 plan,Save up to,RM720,with Yes 5G,,,,
iPhone 16 Plus 256GB,Telco M,Telco M Postpaid 109,"4,999",126,109,235,"8,460",36,RM101 - RM149 plan,Save up to,"RM1,116",with Yes 5G,,,,
iPhone 16 Plus 256GB,Telco CD,Postpaid 5G 140,"4,999",111,130,241,"8,676",36,RM101 - RM149 plan,Save up to,"RM1,332",with Yes 5G,,,,
iPhone 16 Plus 256GB,Telco M,Telco M Postpaid 139,"4,999",112,139,251,"9,036",36,RM101 - RM149 plan,Save up to,"RM1,692",with Yes 5G,,,,
iPhone 16 Plus 256GB,Yes 5G,Infinite+ Ultra 178,"4,999",42,178,220,"7,920",36,> RM150 plan,,,,,,,
iPhone 16 Plus 256GB,Telco CD,Postpaid 5G 160,"4,999",109,150,259,"9,324",36,> RM150 plan,Save up to,"RM1,404",with Yes 5G,,,,
iPhone 16 Plus 256GB,Telco M,Telco M Postpaid 169,"4,999",109,169,278,"10,008",36,> RM150 plan,Save up to,"RM2,088",with Yes 5G,,,,
iPhone 16 Plus 256GB,Telco M,Telco M Postpaid 199,"4,999",106,199,305,"10,980",36,> RM150 plan,Save up to,"RM3,060",with Yes 5G,,,,
iPhone 16 Plus 512GB,Yes 5G,Infinite+ Basic 58,"5,999",149,58,207,"7,452",36,< RM100 plan,,,,,,,
iPhone 16 Plus 512GB,Yes 5G,Infinite+ Standard 88,"5,999",131,88,219,"7,884",36,< RM100 plan,,,,,,,
iPhone 16 Plus 512GB,Telco U,U Postpaid 68,"5,999",151,68,219,"7,884",36,< RM100 plan,Save up to,RM432,with Yes 5G,,,,
iPhone 16 Plus 512GB,Telco U,U Postpaid 98,"5,999",141,98,239,"8,604",36,< RM100 plan,Save up to,"RM1,152",with Yes 5G,,,,
iPhone 16 Plus 512GB,Telco CD,Postpaid 5G 100,"5,999",151,90,241,"8,676",36,< RM100 plan,Save up to,"RM1,224",with Yes 5G,,,,
iPhone 16 Plus 512GB,Yes 5G,Infinite+ Premium 118,"5,999",111,118,229,"8,244",36,RM101 - RM149 plan,,,,,,,
iPhone 16 Plus 512GB,Telco CD,Postpaid 5G 120,"5,999",139,110,249,"8,964",36,RM101 - RM149 plan,Save up to,RM720,with Yes 5G,,,,
iPhone 16 Plus 512GB,Telco M,Telco M Postpaid 109,"5,999",151,109,260,"9,360",36,RM101 - RM149 plan,Save up to,"RM1,116",with Yes 5G,,,,
iPhone 16 Plus 512GB,Telco CD,Postpaid 5G 140,"5,999",137,130,267,"9,612",36,RM101 - RM149 plan,Save up to,"RM1,368",with Yes 5G,,,,
iPhone 16 Plus 512GB,Telco M,Telco M Postpaid 139,"5,999",137,139,276,"9,936",36,RM101 - RM149 plan,Save up to,"RM1,692",with Yes 5G,,,,
iPhone 16 Plus 512GB,Yes 5G,Infinite+ Ultra 178,"5,999",67,178,245,"8,820",36,> RM150 plan,,,,,,,
iPhone 16 Plus 512GB,Telco CD,Postpaid 5G 160,"5,999",134,150,284,"10,224",36,> RM150 plan,Save up to,"RM1,404",with Yes 5G,,,,
iPhone 16 Plus 512GB,Telco M,Telco M Postpaid 169,"5,999",134,169,303,"10,908",36,> RM150 plan,Save up to,"RM2,088",with Yes 5G,,,,
iPhone 16 Plus 512GB,Telco M,Telco M Postpaid 199,"5,999",131,199,330,"11,880",36,> RM150 plan,Save up to,"RM3,060",with Yes 5G,,,,
iPhone 16 Pro 128GB,Yes 5G,Infinite+ Basic 58,"4,999",123,58,181,"6,516",36,< RM100 plan,,,,,,,
iPhone 16 Pro 128GB,Yes 5G,Infinite+ Standard 88,"4,999",105,88,193,"6,948",36,< RM100 plan,,,,,,,
iPhone 16 Pro 128GB,Telco U,U Postpaid 68,"4,999",126,68,194,"6,984",36,< RM100 plan,Save up to,RM468,with Yes 5G,,,,
iPhone 16 Pro 128GB,Telco U,U Postpaid 98,"4,999",116,98,214,"7,704",36,< RM100 plan,Save up to,"RM1,188",with Yes 5G,,,,
iPhone 16 Pro 128GB,Telco CD,Postpaid 5G 100,"4,999",126,90,216,"7,776",36,< RM100 plan,Save up to,"RM1,260",with Yes 5G,,,,
iPhone 16 Pro 128GB,Yes 5G,Infinite+ Premium 118,"4,999",86,118,204,"7,344",36,RM101 - RM149 plan,,,,,,,
iPhone 16 Pro 128GB,Telco CD,Postpaid 5G 120,"4,999",114,110,224,"8,064",36,RM101 - RM149 plan,Save up to,RM720,with Yes 5G,,,,
iPhone 16 Pro 128GB,Telco M,Telco M Postpaid 109,"4,999",126,109,235,"8,460",36,RM101 - RM149 plan,Save up to,"RM1,116",with Yes 5G,,,,
iPhone 16 Pro 128GB,Telco CD,Postpaid 5G 140,"4,999",111,130,241,"8,676",36,RM101 - RM149 plan,Save up to,"RM1,332",with Yes 5G,,,,
iPhone 16 Pro 128GB,Telco M,Telco M Postpaid 139,"4,999",112,139,251,"9,036",36,RM101 - RM149 plan,Save up to,"RM1,692",with Yes 5G,,,,
iPhone 16 Pro 128GB,Yes 5G,Infinite+ Ultra 178,"4,999",36,178,214,"7,704",36,> RM150 plan,,,,,,,
iPhone 16 Pro 128GB,Telco CD,Postpaid 5G 160,"4,999",109,150,259,"9,324",36,> RM150 plan,Save up to,"RM1,620",with Yes 5G,,,,
iPhone 16 Pro 128GB,Telco M,Telco M Postpaid 169,"4,999",109,169,278,"10,008",36,> RM150 plan,Save up to,"RM2,304",with Yes 5G,,,,
iPhone 16 Pro 128GB,Telco M,Telco M Postpaid 199,"4,999",106,199,305,"10,980",36,> RM150 plan,Save up to,"RM3,276",with Yes 5G,,,,
iPhone 16 Pro 256GB,Yes 5G,Infinite+ Basic 58,"5,499",136,58,194,"6,984",36,< RM100 plan,,,,,,,
iPhone 16 Pro 256GB,Yes 5G,Infinite+ Standard 88,"5,499",118,88,206,"7,416",36,< RM100 plan,,,,,,,
iPhone 16 Pro 256GB,Telco U,U Postpaid 68,"5,499",138,68,206,"7,416",36,< RM100 plan,Save up to,RM432,with Yes 5G,,,,
iPhone 16 Pro 256GB,Telco U,U Postpaid 98,"5,499",129,98,227,"8,172",36,< RM100 plan,Save up to,"RM1,188",with Yes 5G,,,,
iPhone 16 Pro 256GB,Telco CD,Postpaid 5G 100,"5,499",138,90,228,"8,208",36,< RM100 plan,Save up to,"RM1,224",with Yes 5G,,,,
iPhone 16 Pro 256GB,Yes 5G,Infinite+ Premium 118,"5,499",99,118,217,"7,812",36,RM101 - RM149 plan,,,,,,,
iPhone 16 Pro 256GB,Telco CD,Postpaid 5G 120,"5,499",126,110,236,"8,496",36,RM101 - RM149 plan,Save up to,RM684,with Yes 5G,,,,
iPhone 16 Pro 256GB,Telco M,Telco M Postpaid 109,"5,499",138,109,247,"8,892",36,RM101 - RM149 plan,Save up to,"RM1,080",with Yes 5G,,,,
iPhone 16 Pro 256GB,Telco CD,Postpaid 5G 140,"5,499",124,130,254,"9,144",36,RM101 - RM149 plan,Save up to,"RM1,332",with Yes 5G,,,,
iPhone 16 Pro 256GB,Telco M,Telco M Postpaid 139,"5,499",124,139,263,"9,468",36,RM101 - RM149 plan,Save up to,"RM1,656",with Yes 5G,,,,
iPhone 16 Pro 256GB,Yes 5G,Infinite+ Ultra 178,"5,499",55,178,233,"8,388",36,> RM150 plan,,,,,,,
iPhone 16 Pro 256GB,Telco CD,Postpaid 5G 160,"5,499",122,150,272,"9,792",36,> RM150 plan,Save up to,"RM1,404",with Yes 5G,,,,
iPhone 16 Pro 256GB,Telco M,Telco M Postpaid 169,"5,499",121,169,290,"10,440",36,> RM150 plan,Save up to,"RM2,052",with Yes 5G,,,,
iPhone 16 Pro 256GB,Telco M,Telco M Postpaid 199,"5,499",118,199,317,"11,412",36,> RM150 plan,Save up to,"RM3,024",with Yes 5G,,,,
iPhone 16 Pro 512GB,Yes 5G,Infinite+ Basic 58,"6,499",161,58,219,"7,884",36,< RM100 plan,,,,,,,
iPhone 16 Pro 512GB,Yes 5G,Infinite+ Standard 88,"6,499",143,88,231,"8,316",36,< RM100 plan,,,,,,,
iPhone 16 Pro 512GB,Telco U,U Postpaid 68,"6,499",164,68,232,"8,352",36,< RM100 plan,Save up to,RM468,with Yes 5G,,,,
iPhone 16 Pro 512GB,Telco U,U Postpaid 98,"6,499",154,98,252,"9,072",36,< RM100 plan,Save up to,"RM1,188",with Yes 5G,,,,
iPhone 16 Pro 512GB,Telco CD,Postpaid 5G 100,"6,499",164,90,254,"9,144",36,< RM100 plan,Save up to,"RM1,260",with Yes 5G,,,,
iPhone 16 Pro 512GB,Yes 5G,Infinite+ Premium 118,"6,499",124,118,242,"8,712",36,RM101 - RM149 plan,,,,,,,
iPhone 16 Pro 512GB,Telco CD,Postpaid 5G 120,"6,499",151,110,261,"9,396",36,RM101 - RM149 plan,Save up to,RM684,with Yes 5G,,,,
iPhone 16 Pro 512GB,Telco M,Telco M Postpaid 109,"6,499",164,109,273,"9,828",36,RM101 - RM149 plan,Save up to,"RM1,116",with Yes 5G,,,,
iPhone 16 Pro 512GB,Telco CD,Postpaid 5G 140,"6,499",149,130,279,"10,044",36,RM101 - RM149 plan,Save up to,"RM1,332",with Yes 5G,,,,
iPhone 16 Pro 512GB,Telco M,Telco M Postpaid 139,"6,499",150,139,289,"10,404",36,RM101 - RM149 plan,Save up to,"RM1,692",with Yes 5G,,,,
iPhone 16 Pro 512GB,Yes 5G,Infinite+ Ultra 178,"6,499",80,178,258,"9,288",36,> RM150 plan,,,,,,,
iPhone 16 Pro 512GB,Telco CD,Postpaid 5G 160,"6,499",147,150,297,"10,692",36,> RM150 plan,Save up to,"RM1,404",with Yes 5G,,,,
iPhone 16 Pro 512GB,Telco M,Telco M Postpaid 169,"6,499",147,169,316,"11,376",36,> RM150 plan,Save up to,"RM2,088",with Yes 5G,,,,
iPhone 16 Pro 512GB,Telco M,Telco M Postpaid 199,"6,499",144,199,343,"12,348",36,> RM150 plan,Save up to,"RM3,060",with Yes 5G,,,,
iPhone 16 Pro 1TB,Yes 5G,Infinite+ Basic 58,"7,499",186,58,244,"8,784",36,< RM100 plan,,,,,,,
iPhone 16 Pro 1TB,Yes 5G,Infinite+ Standard 88,"7,499",169,88,257,"9,252",36,< RM100 plan,,,,,,,
iPhone 16 Pro 1TB,Telco U,U Postpaid 68,"7,499",189,68,257,"9,252",36,< RM100 plan,Save up to,RM468,with Yes 5G,,,,
iPhone 16 Pro 1TB,Telco U,U Postpaid 98,"7,499",179,98,277,"9,972",36,< RM100 plan,Save up to,"RM1,188",with Yes 5G,,,,
iPhone 16 Pro 1TB,Telco CD,Postpaid 5G 100,"7,499",189,90,279,"10,044",36,< RM100 plan,Save up to,"RM1,260",with Yes 5G,,,,
iPhone 16 Pro 1TB,Yes 5G,Infinite+ Premium 118,"7,499",150,118,268,"9,648",36,RM101 - RM149 plan,,,,,,,
iPhone 16 Pro 1TB,Telco CD,Postpaid 5G 120,"7,499",177,110,287,"10,332",36,RM101 - RM149 plan,Save up to,RM684,with Yes 5G,,,,
iPhone 16 Pro 1TB,Telco M,Telco M Postpaid 109,"7,499",189,109,298,"10,728",36,RM101 - RM149 plan,Save up to,"RM1,080",with Yes 5G,,,,
iPhone 16 Pro 1TB,Telco CD,Postpaid 5G 140,"7,499",175,130,305,"10,980",36,RM101 - RM149 plan,Save up to,"RM1,332",with Yes 5G,,,,
iPhone 16 Pro 1TB,Telco M,Telco M Postpaid 139,"7,499",175,139,314,"11,304",36,RM101 - RM149 plan,Save up to,"RM1,656",with Yes 5G,,,,
iPhone 16 Pro 1TB,Yes 5G,Infinite+ Ultra 178,"7,499",105,178,283,"10,188",36,> RM150 plan,,,,,,,
iPhone 16 Pro 1TB,Telco CD,Postpaid 5G 160,"7,499",172,150,322,"11,592",36,> RM150 plan,Save up to,"RM1,404",with Yes 5G,,,,
iPhone 16 Pro 1TB,Telco M,Telco M Postpaid 169,"7,499",172,169,341,"12,276",36,> RM150 plan,Save up to,"RM2,088",with Yes 5G,,,,
iPhone 16 Pro 1TB,Telco M,Telco M Postpaid 199,"7,499",169,199,368,"13,248",36,> RM150 plan,Save up to,"RM3,060",with Yes 5G,,,,
iPhone 16 Pro Max 256GB,Yes 5G,Infinite+ Basic 58,"5,999",149,58,207,"7,452",36,< RM100 plan,,,,,,,
iPhone 16 Pro Max 256GB,Yes 5G,Infinite+ Standard 88,"5,999",131,88,219,"7,884",36,< RM100 plan,,,,,,,
iPhone 16 Pro Max 256GB,Telco U,U Postpaid 68,"5,999",151,68,219,"7,884",36,< RM100 plan,Save up to,RM432,with Yes 5G,,,,
iPhone 16 Pro Max 256GB,Telco U,U Postpaid 98,"5,999",141,98,239,"8,604",36,< RM100 plan,Save up to,"RM1,152",with Yes 5G,,,,
iPhone 16 Pro Max 256GB,Telco CD,Postpaid 5G 100,"5,999",151,90,241,"8,676",36,< RM100 plan,Save up to,"RM1,224",with Yes 5G,,,,
iPhone 16 Pro Max 256GB,Yes 5G,Infinite+ Premium 118,"5,999",111,118,229,"8,244",36,RM101 - RM149 plan,,,,,,,
iPhone 16 Pro Max 256GB,Telco CD,Postpaid 5G 120,"5,999",139,110,249,"8,964",36,RM101 - RM149 plan,Save up to,RM720,with Yes 5G,,,,
iPhone 16 Pro Max 256GB,Telco M,Telco M Postpaid 109,"5,999",151,109,260,"9,360",36,RM101 - RM149 plan,Save up to,"RM1,116",with Yes 5G,,,,
iPhone 16 Pro Max 256GB,Telco CD,Postpaid 5G 140,"5,999",137,130,267,"9,612",36,RM101 - RM149 plan,Save up to,"RM1,368",with Yes 5G,,,,
iPhone 16 Pro Max 256GB,Telco M,Telco M Postpaid 139,"5,999",137,139,276,"9,936",36,RM101 - RM149 plan,Save up to,"RM1,692",with Yes 5G,,,,
iPhone 16 Pro Max 256GB,Yes 5G,Infinite+ Ultra 178,"5,999",67,178,245,"8,820",36,> RM150 plan,,,,,,,
iPhone 16 Pro Max 256GB,Telco CD,Postpaid 5G 160,"5,999",134,150,284,"10,224",36,> RM150 plan,Save up to,"RM1,404",with Yes 5G,,,,
iPhone 16 Pro Max 256GB,Telco M,Telco M Postpaid 169,"5,999",134,169,303,"10,908",36,> RM150 plan,Save up to,"RM2,088",with Yes 5G,,,,
iPhone 16 Pro Max 256GB,Telco M,Telco M Postpaid 199,"5,999",131,199,330,"11,880",36,> RM150 plan,Save up to,"RM3,060",with Yes 5G,,,,
iPhone 16 Pro Max 512GB,Yes 5G,Infinite+ Basic 58,"6,999",174,58,232,"8,352",36,< RM100 plan,,,,,,,
iPhone 16 Pro Max 512GB,Yes 5G,Infinite+ Standard 88,"6,999",156,88,244,"8,784",36,< RM100 plan,,,,,,,
iPhone 16 Pro Max 512GB,Telco U,U Postpaid 68,"6,999",176,68,244,"8,784",36,< RM100 plan,Save up to,RM432,with Yes 5G,,,,
iPhone 16 Pro Max 512GB,Telco U,U Postpaid 98,"6,999",166,98,264,"9,504",36,< RM100 plan,Save up to,"RM1,152",with Yes 5G,,,,
iPhone 16 Pro Max 512GB,Telco CD,Postpaid 5G 100,"6,999",176,90,266,"9,576",36,< RM100 plan,Save up to,"RM1,224",with Yes 5G,,,,
iPhone 16 Pro Max 512GB,Yes 5G,Infinite+ Premium 118,"6,999",137,118,255,"9,180",36,RM101 - RM149 plan,,,,,,,
iPhone 16 Pro Max 512GB,Telco CD,Postpaid 5G 120,"6,999",164,110,274,"9,864",36,RM101 - RM149 plan,Save up to,RM684,with Yes 5G,,,,
iPhone 16 Pro Max 512GB,Telco M,Telco M Postpaid 109,"6,999",176,109,285,"10,260",36,RM101 - RM149 plan,Save up to,"RM1,080",with Yes 5G,,,,
iPhone 16 Pro Max 512GB,Telco CD,Postpaid 5G 140,"6,999",162,130,292,"10,512",36,RM101 - RM149 plan,Save up to,"RM1,332",with Yes 5G,,,,
iPhone 16 Pro Max 512GB,Telco M,Telco M Postpaid 139,"6,999",162,139,301,"10,836",36,RM101 - RM149 plan,Save up to,"RM1,656",with Yes 5G,,,,
iPhone 16 Pro Max 512GB,Yes 5G,Infinite+ Ultra 178,"6,999",93,178,271,"9,756",36,> RM150 plan,,,,,,,
iPhone 16 Pro Max 512GB,Telco CD,Postpaid 5G 160,"6,999",160,150,310,"11,160",36,> RM150 plan,Save up to,"RM1,404",with Yes 5G,,,,
iPhone 16 Pro Max 512GB,Telco M,Telco M Postpaid 169,"6,999",159,169,328,"11,808",36,> RM150 plan,Save up to,"RM2,052",with Yes 5G,,,,
iPhone 16 Pro Max 512GB,Telco M,Telco M Postpaid 199,"6,999",156,199,355,"12,780",36,> RM150 plan,Save up to,"RM3,024",with Yes 5G,,,,
iPhone 16 Pro Max 1TB,Yes 5G,Infinite+ Basic 58,"7,999",199,58,257,"9,252",36,< RM100 plan,,,,,,,
iPhone 16 Pro Max 1TB,Yes 5G,Infinite+ Standard 88,"7,999",182,88,270,"9,720",36,< RM100 plan,,,,,,,
iPhone 16 Pro Max 1TB,Telco U,U Postpaid 68,"7,999",202,68,270,"9,720",36,< RM100 plan,Save up to,RM468,with Yes 5G,,,,
iPhone 16 Pro Max 1TB,Telco U,U Postpaid 98,"7,999",192,98,290,"10,440",36,< RM100 plan,Save up to,"RM1,188",with Yes 5G,,,,
iPhone 16 Pro Max 1TB,Telco CD,Postpaid 5G 100,"7,999",202,90,292,"10,512",36,< RM100 plan,Save up to,"RM1,260",with Yes 5G,,,,
iPhone 16 Pro Max 1TB,Yes 5G,Infinite+ Premium 118,"7,999",162,118,280,"10,080",36,RM101 - RM149 plan,,,,,,,
iPhone 16 Pro Max 1TB,Telco CD,Postpaid 5G 120,"7,999",189,110,299,"10,764",36,RM101 - RM149 plan,Save up to,RM684,with Yes 5G,,,,
iPhone 16 Pro Max 1TB,Telco M,Telco M Postpaid 109,"7,999",202,109,311,"11,196",36,RM101 - RM149 plan,Save up to,"RM1,116",with Yes 5G,,,,
iPhone 16 Pro Max 1TB,Telco CD,Postpaid 5G 140,"7,999",187,130,317,"11,412",36,RM101 - RM149 plan,Save up to,"RM1,332",with Yes 5G,,,,
iPhone 16 Pro Max 1TB,Telco M,Telco M Postpaid 139,"7,999",188,139,327,"11,772",36,RM101 - RM149 plan,Save up to,"RM1,692",with Yes 5G,,,,
iPhone 16 Pro Max 1TB,Yes 5G,Infinite+ Ultra 178,"7,999",118,178,296,"10,656",36,> RM150 plan,,,,,,,
iPhone 16 Pro Max 1TB,Telco CD,Postpaid 5G 160,"7,999",185,150,335,"12,060",36,> RM150 plan,Save up to,"RM1,404",with Yes 5G,,,,
iPhone 16 Pro Max 1TB,Telco M,Telco M Postpaid 169,"7,999",185,169,354,"12,744",36,> RM150 plan,Save up to,"RM2,088",with Yes 5G,,,,
iPhone 16 Pro Max 1TB,Telco M,Telco M Postpaid 199,"7,999",182,199,381,"13,716",36,> RM150 plan,Save up to,"RM3,060",with Yes 5G,,,,
iPhone 16 128GB,Yes 5G,Infinite+ Basic 58,"3,999",149,58,207,"4,968",24,< RM100 plan,,,,,,,
iPhone 16 128GB,Yes 5G,Infinite+ Standard 88,"3,999",131,88,219,"5,256",24,< RM100 plan,,,,,,,
iPhone 16 128GB,Telco U,U Postpaid 68,"3,999",151,68,219,"5,256",24,< RM100 plan,Save up to,RM288,with Yes 5G,,,,
iPhone 16 128GB,Telco U,U Postpaid 98,"3,999",141,98,239,"5,736",24,< RM100 plan,Save up to,RM768,with Yes 5G,,,,
iPhone 16 128GB,Telco CD,Postpaid 5G 100,"3,999",151,90,241,"5,784",24,< RM100 plan,Save up to,RM816,with Yes 5G,,,,
iPhone 16 128GB,Yes 5G,Infinite+ Premium 118,"3,999",111,118,229,"5,496",24,RM101 - RM149 plan,,,,,,,
iPhone 16 128GB,Telco CD,Postpaid 5G 120,"3,999",139,110,249,"5,976",24,RM101 - RM149 plan,Save up to,RM480,with Yes 5G,,,,
iPhone 16 128GB,Telco M,Telco M Postpaid 109,"3,999",151,109,260,"6,240",24,RM101 - RM149 plan,Save up to,RM744,with Yes 5G,,,,
iPhone 16 128GB,Telco CD,Postpaid 5G 140,"3,999",137,130,267,"6,408",24,RM101 - RM149 plan,Save up to,RM912,with Yes 5G,,,,
iPhone 16 128GB,Telco M,Telco M Postpaid 139,"3,999",137,139,276,"6,624",24,RM101 - RM149 plan,Save up to,"RM1,128",with Yes 5G,,,,
iPhone 16 128GB,Yes 5G,Infinite+ Ultra 178,"3,999",67,178,245,"5,880",24,> RM150 plan,,,,,,,
iPhone 16 128GB,Telco CD,Postpaid 5G 160,"3,999",134,150,284,"6,816",24,> RM150 plan,Save up to,RM936,with Yes 5G,,,,
iPhone 16 128GB,Telco M,Telco M Postpaid 169,"3,999",134,169,303,"7,272",24,> RM150 plan,Save up to,"RM1,392",with Yes 5G,,,,
iPhone 16 128GB,Telco M,Telco M Postpaid 199,"3,999",131,199,330,"7,920",24,> RM150 plan,Save up to,"RM2,040",with Yes 5G,,,,
iPhone 16 256GB,Yes 5G,Infinite+ Basic 58,"4,499",168,58,226,"5,424",24,< RM100 plan,,,,,,,
iPhone 16 256GB,Yes 5G,Infinite+ Standard 88,"4,499",150,88,238,"5,712",24,< RM100 plan,,,,,,,
iPhone 16 256GB,Telco U,U Postpaid 68,"4,499",170,68,238,"5,712",24,< RM100 plan,Save up to,RM288,with Yes 5G,,,,
iPhone 16 256GB,Telco U,U Postpaid 98,"4,499",160,98,258,"6,192",24,< RM100 plan,Save up to,RM768,with Yes 5G,,,,
iPhone 16 256GB,Telco CD,Postpaid 5G 100,"4,499",170,90,260,"6,240",24,< RM100 plan,Save up to,RM816,with Yes 5G,,,,
iPhone 16 256GB,Yes 5G,Infinite+ Premium 118,"4,499",130,118,248,"5,952",24,RM101 - RM149 plan,,,,,,,
iPhone 16 256GB,Telco CD,Postpaid 5G 120,"4,499",158,110,268,"6,432",24,RM101 - RM149 plan,Save up to,RM480,with Yes 5G,,,,
iPhone 16 256GB,Telco M,Telco M Postpaid 109,"4,499",170,109,279,"6,696",24,RM101 - RM149 plan,Save up to,RM744,with Yes 5G,,,,
iPhone 16 256GB,Telco CD,Postpaid 5G 140,"4,499",156,130,286,"6,864",24,RM101 - RM149 plan,Save up to,RM912,with Yes 5G,,,,
iPhone 16 256GB,Telco M,Telco M Postpaid 139,"4,499",156,139,295,"7,080",24,RM101 - RM149 plan,Save up to,"RM1,128",with Yes 5G,,,,
iPhone 16 256GB,Yes 5G,Infinite+ Ultra 178,"4,499",86,178,264,"6,336",24,> RM150 plan,,,,,,,
iPhone 16 256GB,Telco CD,Postpaid 5G 160,"4,499",153,150,303,"7,272",24,> RM150 plan,Save up to,RM936,with Yes 5G,,,,
iPhone 16 256GB,Telco M,Telco M Postpaid 169,"4,499",153,169,322,"7,728",24,> RM150 plan,Save up to,"RM1,392",with Yes 5G,,,,
iPhone 16 256GB,Telco M,Telco M Postpaid 199,"4,499",150,199,349,"8,376",24,> RM150 plan,Save up to,"RM2,040",with Yes 5G,,,,
iPhone 16 512GB,Yes 5G,Infinite+ Basic 58,"5,499",205,58,263,"6,312",24,< RM100 plan,,,,,,,
iPhone 16 512GB,Yes 5G,Infinite+ Standard 88,"5,499",188,88,276,"6,624",24,< RM100 plan,,,,,,,
iPhone 16 512GB,Telco U,U Postpaid 68,"5,499",208,68,276,"6,624",24,< RM100 plan,Save up to,RM312,with Yes 5G,,,,
iPhone 16 512GB,Telco U,U Postpaid 98,"5,499",198,98,296,"7,104",24,< RM100 plan,Save up to,RM792,with Yes 5G,,,,
iPhone 16 512GB,Telco CD,Postpaid 5G 100,"5,499",208,90,298,"7,152",24,< RM100 plan,Save up to,RM840,with Yes 5G,,,,
iPhone 16 512GB,Yes 5G,Infinite+ Premium 118,"5,499",169,118,287,"6,888",24,RM101 - RM149 plan,,,,,,,
iPhone 16 512GB,Telco CD,Postpaid 5G 120,"5,499",196,110,306,"7,344",24,RM101 - RM149 plan,Save up to,RM456,with Yes 5G,,,,
iPhone 16 512GB,Telco M,Telco M Postpaid 109,"5,499",208,109,317,"7,608",24,RM101 - RM149 plan,Save up to,RM720,with Yes 5G,,,,
iPhone 16 512GB,Telco CD,Postpaid 5G 140,"5,499",193,130,323,"7,752",24,RM101 - RM149 plan,Save up to,RM864,with Yes 5G,,,,
iPhone 16 512GB,Telco M,Telco M Postpaid 139,"5,499",194,139,333,"7,992",24,RM101 - RM149 plan,Save up to,"RM1,104",with Yes 5G,,,,
iPhone 16 512GB,Yes 5G,Infinite+ Ultra 178,"5,499",125,178,303,"7,272",24,> RM150 plan,,,,,,,
iPhone 16 512GB,Telco CD,Postpaid 5G 160,"5,499",191,150,341,"8,184",24,> RM150 plan,Save up to,RM912,with Yes 5G,,,,
iPhone 16 512GB,Telco M,Telco M Postpaid 169,"5,499",191,169,360,"8,640",24,> RM150 plan,Save up to,"RM1,368",with Yes 5G,,,,
iPhone 16 512GB,Telco M,Telco M Postpaid 199,"5,499",188,199,387,"9,288",24,> RM150 plan,Save up to,"RM2,016",with Yes 5G,,,,
iPhone 16 Plus 128GB,Yes 5G,Infinite+ Basic 58,"4,499",168,58,226,"5,424",24,< RM100 plan,,,,,,,
iPhone 16 Plus 128GB,Yes 5G,Infinite+ Standard 88,"4,499",150,88,238,"5,712",24,< RM100 plan,,,,,,,
iPhone 16 Plus 128GB,Telco U,U Postpaid 68,"4,499",170,68,238,"5,712",24,< RM100 plan,Save up to,RM288,with Yes 5G,,,,
iPhone 16 Plus 128GB,Telco U,U Postpaid 98,"4,499",160,98,258,"6,192",24,< RM100 plan,Save up to,RM768,with Yes 5G,,,,
iPhone 16 Plus 128GB,Telco CD,Postpaid 5G 100,"4,499",170,90,260,"6,240",24,< RM100 plan,Save up to,RM816,with Yes 5G,,,,
iPhone 16 Plus 128GB,Yes 5G,Infinite+ Premium 118,"4,499",130,118,248,"5,952",24,RM101 - RM149 plan,,,,,,,
iPhone 16 Plus 128GB,Telco CD,Postpaid 5G 120,"4,499",158,110,268,"6,432",24,RM101 - RM149 plan,Save up to,RM480,with Yes 5G,,,,
iPhone 16 Plus 128GB,Telco M,Telco M Postpaid 109,"4,499",170,109,279,"6,696",24,RM101 - RM149 plan,Save up to,RM744,with Yes 5G,,,,
iPhone 16 Plus 128GB,Telco CD,Postpaid 5G 140,"4,499",156,130,286,"6,864",24,RM101 - RM149 plan,Save up to,RM912,with Yes 5G,,,,
iPhone 16 Plus 128GB,Telco M,Telco M Postpaid 139,"4,499",156,139,295,"7,080",24,RM101 - RM149 plan,Save up to,"RM1,128",with Yes 5G,,,,
iPhone 16 Plus 128GB,Yes 5G,Infinite+ Ultra 178,"4,499",86,178,264,"6,336",24,> RM150 plan,,,,,,,
iPhone 16 Plus 128GB,Telco CD,Postpaid 5G 160,"4,499",153,150,303,"7,272",24,> RM150 plan,Save up to,RM936,with Yes 5G,,,,
iPhone 16 Plus 128GB,Telco M,Telco M Postpaid 169,"4,499",153,169,322,"7,728",24,> RM150 plan,Save up to,"RM1,392",with Yes 5G,,,,
iPhone 16 Plus 128GB,Telco M,Telco M Postpaid 199,"4,499",150,199,349,"8,376",24,> RM150 plan,Save up to,"RM2,040",with Yes 5G,,,,
iPhone 16 Plus 256GB,Yes 5G,Infinite+ Basic 58,"4,999",186,58,244,"5,856",24,< RM100 plan,,,,,,,
iPhone 16 Plus 256GB,Yes 5G,Infinite+ Standard 88,"4,999",169,88,257,"6,168",24,< RM100 plan,,,,,,,
iPhone 16 Plus 256GB,Telco U,U Postpaid 68,"4,999",189,68,257,"6,168",24,< RM100 plan,Save up to,RM312,with Yes 5G,,,,
iPhone 16 Plus 256GB,Telco U,U Postpaid 98,"4,999",179,98,277,"6,648",24,< RM100 plan,Save up to,RM792,with Yes 5G,,,,
iPhone 16 Plus 256GB,Telco CD,Postpaid 5G 100,"4,999",189,90,279,"6,696",24,< RM100 plan,Save up to,RM840,with Yes 5G,,,,
iPhone 16 Plus 256GB,Yes 5G,Infinite+ Premium 118,"4,999",150,118,268,"6,432",24,RM101 - RM149 plan,,,,,,,
iPhone 16 Plus 256GB,Telco CD,Postpaid 5G 120,"4,999",177,110,287,"6,888",24,RM101 - RM149 plan,Save up to,RM456,with Yes 5G,,,,
iPhone 16 Plus 256GB,Telco M,Telco M Postpaid 109,"4,999",189,109,298,"7,152",24,RM101 - RM149 plan,Save up to,RM720,with Yes 5G,,,,
iPhone 16 Plus 256GB,Telco CD,Postpaid 5G 140,"4,999",175,130,305,"7,320",24,RM101 - RM149 plan,Save up to,RM888,with Yes 5G,,,,
iPhone 16 Plus 256GB,Telco M,Telco M Postpaid 139,"4,999",175,139,314,"7,536",24,RM101 - RM149 plan,Save up to,"RM1,104",with Yes 5G,,,,
iPhone 16 Plus 256GB,Yes 5G,Infinite+ Ultra 178,"4,999",105,178,283,"6,792",24,> RM150 plan,,,,,,,
iPhone 16 Plus 256GB,Telco CD,Postpaid 5G 160,"4,999",172,150,322,"7,728",24,> RM150 plan,Save up to,RM936,with Yes 5G,,,,
iPhone 16 Plus 256GB,Telco M,Telco M Postpaid 169,"4,999",172,169,341,"8,184",24,> RM150 plan,Save up to,"RM1,392",with Yes 5G,,,,
iPhone 16 Plus 256GB,Telco M,Telco M Postpaid 199,"4,999",169,199,368,"8,832",24,> RM150 plan,Save up to,"RM2,040",with Yes 5G,,,,
iPhone 16 Plus 512GB,Yes 5G,Infinite+ Basic 58,"5,999",224,58,282,"6,768",24,< RM100 plan,,,,,,,
iPhone 16 Plus 512GB,Yes 5G,Infinite+ Standard 88,"5,999",207,88,295,"7,080",24,< RM100 plan,,,,,,,
iPhone 16 Plus 512GB,Telco U,U Postpaid 68,"5,999",227,68,295,"7,080",24,< RM100 plan,Save up to,RM312,with Yes 5G,,,,
iPhone 16 Plus 512GB,Telco U,U Postpaid 98,"5,999",217,98,315,"7,560",24,< RM100 plan,Save up to,RM792,with Yes 5G,,,,
iPhone 16 Plus 512GB,Telco CD,Postpaid 5G 100,"5,999",227,90,317,"7,608",24,< RM100 plan,Save up to,RM840,with Yes 5G,,,,
iPhone 16 Plus 512GB,Yes 5G,Infinite+ Premium 118,"5,999",188,118,306,"7,344",24,RM101 - RM149 plan,,,,,,,
iPhone 16 Plus 512GB,Telco CD,Postpaid 5G 120,"5,999",215,110,325,"7,800",24,RM101 - RM149 plan,Save up to,RM456,with Yes 5G,,,,
iPhone 16 Plus 512GB,Telco M,Telco M Postpaid 109,"5,999",227,109,336,"8,064",24,RM101 - RM149 plan,Save up to,RM720,with Yes 5G,,,,
iPhone 16 Plus 512GB,Telco CD,Postpaid 5G 140,"5,999",212,130,342,"8,208",24,RM101 - RM149 plan,Save up to,RM864,with Yes 5G,,,,
iPhone 16 Plus 512GB,Telco M,Telco M Postpaid 139,"5,999",213,139,352,"8,448",24,RM101 - RM149 plan,Save up to,"RM1,104",with Yes 5G,,,,
iPhone 16 Plus 512GB,Yes 5G,Infinite+ Ultra 178,"5,999",144,178,322,"7,728",24,> RM150 plan,,,,,,,
iPhone 16 Plus 512GB,Telco CD,Postpaid 5G 160,"5,999",210,150,360,"8,640",24,> RM150 plan,Save up to,RM912,with Yes 5G,,,,
iPhone 16 Plus 512GB,Telco M,Telco M Postpaid 169,"5,999",210,169,379,"9,096",24,> RM150 plan,Save up to,"RM1,368",with Yes 5G,,,,
iPhone 16 Plus 512GB,Telco M,Telco M Postpaid 199,"5,999",207,199,406,"9,744",24,> RM150 plan,Save up to,"RM2,016",with Yes 5G,,,,
iPhone 16 Pro 128GB,Yes 5G,Infinite+ Basic 58,"4,999",186,58,244,"5,856",24,< RM100 plan,,,,,,,
iPhone 16 Pro 128GB,Yes 5G,Infinite+ Standard 88,"4,999",169,88,257,"6,168",24,< RM100 plan,,,,,,,
iPhone 16 Pro 128GB,Telco U,U Postpaid 68,"4,999",189,68,257,"6,168",24,< RM100 plan,Save up to,RM312,with Yes 5G,,,,
iPhone 16 Pro 128GB,Telco U,U Postpaid 98,"4,999",179,98,277,"6,648",24,< RM100 plan,Save up to,RM792,with Yes 5G,,,,
iPhone 16 Pro 128GB,Telco CD,Postpaid 5G 100,"4,999",189,90,279,"6,696",24,< RM100 plan,Save up to,RM840,with Yes 5G,,,,
iPhone 16 Pro 128GB,Yes 5G,Infinite+ Premium 118,"4,999",150,118,268,"6,432",24,RM101 - RM149 plan,,,,,,,
iPhone 16 Pro 128GB,Telco CD,Postpaid 5G 120,"4,999",177,110,287,"6,888",24,RM101 - RM149 plan,Save up to,RM456,with Yes 5G,,,,
iPhone 16 Pro 128GB,Telco M,Telco M Postpaid 109,"4,999",189,109,298,"7,152",24,RM101 - RM149 plan,Save up to,RM720,with Yes 5G,,,,
iPhone 16 Pro 128GB,Telco CD,Postpaid 5G 140,"4,999",175,130,305,"7,320",24,RM101 - RM149 plan,Save up to,RM888,with Yes 5G,,,,
iPhone 16 Pro 128GB,Telco M,Telco M Postpaid 139,"4,999",175,139,314,"7,536",24,RM101 - RM149 plan,Save up to,"RM1,104",with Yes 5G,,,,
iPhone 16 Pro 128GB,Yes 5G,Infinite+ Ultra 178,"4,999",105,178,283,"6,792",24,> RM150 plan,,,,,,,
iPhone 16 Pro 128GB,Telco CD,Postpaid 5G 160,"4,999",172,150,322,"7,728",24,> RM150 plan,Save up to,RM936,with Yes 5G,,,,
iPhone 16 Pro 128GB,Telco M,Telco M Postpaid 169,"4,999",172,169,341,"8,184",24,> RM150 plan,Save up to,"RM1,392",with Yes 5G,,,,
iPhone 16 Pro 128GB,Telco M,Telco M Postpaid 199,"4,999",169,199,368,"8,832",24,> RM150 plan,Save up to,"RM2,040",with Yes 5G,,,,
iPhone 16 Pro 256GB,Yes 5G,Infinite+ Basic 58,"5,499",205,58,263,"6,312",24,< RM100 plan,,,,,,,
iPhone 16 Pro 256GB,Yes 5G,Infinite+ Standard 88,"5,499",188,88,276,"6,624",24,< RM100 plan,,,,,,,
iPhone 16 Pro 256GB,Telco U,U Postpaid 68,"5,499",208,68,276,"6,624",24,< RM100 plan,Save up to,RM312,with Yes 5G,,,,
iPhone 16 Pro 256GB,Telco U,U Postpaid 98,"5,499",198,98,296,"7,104",24,< RM100 plan,Save up to,RM792,with Yes 5G,,,,
iPhone 16 Pro 256GB,Telco CD,Postpaid 5G 100,"5,499",208,90,298,"7,152",24,< RM100 plan,Save up to,RM840,with Yes 5G,,,,
iPhone 16 Pro 256GB,Yes 5G,Infinite+ Premium 118,"5,499",169,118,287,"6,888",24,RM101 - RM149 plan,,,,,,,
iPhone 16 Pro 256GB,Telco CD,Postpaid 5G 120,"5,499",196,110,306,"7,344",24,RM101 - RM149 plan,Save up to,RM456,with Yes 5G,,,,
iPhone 16 Pro 256GB,Telco M,Telco M Postpaid 109,"5,499",208,109,317,"7,608",24,RM101 - RM149 plan,Save up to,RM720,with Yes 5G,,,,
iPhone 16 Pro 256GB,Telco CD,Postpaid 5G 140,"5,499",193,130,323,"7,752",24,RM101 - RM149 plan,Save up to,RM864,with Yes 5G,,,,
iPhone 16 Pro 256GB,Telco M,Telco M Postpaid 139,"5,499",194,139,333,"7,992",24,RM101 - RM149 plan,Save up to,"RM1,104",with Yes 5G,,,,
iPhone 16 Pro 256GB,Yes 5G,Infinite+ Ultra,"5,499",125,178,303,"7,272",24,> RM150 plan,,,,,,,
iPhone 16 Pro 256GB,Telco CD,Postpaid 5G 160,"5,499",191,150,341,"8,184",24,> RM150 plan,Save up to,RM912,with Yes 5G,,,,
iPhone 16 Pro 256GB,Telco M,Telco M Postpaid 169,"5,499",191,169,360,"8,640",24,> RM150 plan,Save up to,"RM1,368",with Yes 5G,,,,
iPhone 16 Pro 256GB,Telco M,Telco M Postpaid 199,"5,499",188,199,387,"9,288",24,> RM150 plan,Save up to,"RM2,016",with Yes 5G,,,,
iPhone 16 Pro 512GB,Yes 5G,Infinite+ Basic 58,"6,499",243,58,301,"7,224",24,< RM100 plan,,,,,,,
iPhone 16 Pro 512GB,Yes 5G,Infinite+ Standard 88,"6,499",226,88,314,"7,536",24,< RM100 plan,,,,,,,
iPhone 16 Pro 512GB,Telco U,U Postpaid 68,"6,499",246,68,314,"7,536",24,< RM100 plan,Save up to,RM312,with Yes 5G,,,,
iPhone 16 Pro 512GB,Telco U,U Postpaid 98,"6,499",236,98,334,"8,016",24,< RM100 plan,Save up to,RM792,with Yes 5G,,,,
iPhone 16 Pro 512GB,Telco CD,Postpaid 5G 100,"6,499",246,90,336,"8,064",24,< RM100 plan,Save up to,RM840,with Yes 5G,,,,
iPhone 16 Pro 512GB,Yes 5G,Infinite+ Premium 118,"6,499",207,118,325,"7,800",24,RM101 - RM149 plan,,,,,,,
iPhone 16 Pro 512GB,Telco CD,Postpaid 5G 120,"6,499",234,110,344,"8,256",24,RM101 - RM149 plan,Save up to,RM456,with Yes 5G,,,,
iPhone 16 Pro 512GB,Telco M,Telco M Postpaid 109,"6,499",246,109,355,"8,520",24,RM101 - RM149 plan,Save up to,RM720,with Yes 5G,,,,
iPhone 16 Pro 512GB,Telco CD,Postpaid 5G 140,"6,499",231,130,361,"8,664",24,RM101 - RM149 plan,Save up to,RM864,with Yes 5G,,,,
iPhone 16 Pro 512GB,Telco M,Telco M Postpaid 139,"6,499",232,139,371,"8,904",24,RM101 - RM149 plan,Save up to,"RM1,104",with Yes 5G,,,,
iPhone 16 Pro 512GB,Yes 5G,Infinite+ Ultra 178,"6,499",163,178,341,"8,184",24,> RM150 plan,,,,,,,
iPhone 16 Pro 512GB,Telco CD,Postpaid 5G 160,"6,499",229,150,379,"9,096",24,> RM150 plan,Save up to,RM912,with Yes 5G,,,,
iPhone 16 Pro 512GB,Telco M,Telco M Postpaid 169,"6,499",229,169,398,"9,552",24,> RM150 plan,Save up to,"RM1,368",with Yes 5G,,,,
iPhone 16 Pro 512GB,Telco M,Telco M Postpaid 199,"6,499",226,199,425,"10,200",24,> RM150 plan,Save up to,"RM2,016",with Yes 5G,,,,
iPhone 16 Pro 1TB,Yes 5G,Infinite+ Basic 58,"7,499",281,58,339,"8,136",24,< RM100 plan,,,,,,,
iPhone 16 Pro 1TB,Yes 5G,Infinite+ Standard 88,"7,499",264,88,352,"8,448",24,< RM100 plan,,,,,,,
iPhone 16 Pro 1TB,Telco U,U Postpaid 68,"7,499",284,68,352,"8,448",24,< RM100 plan,Save up to,RM312,with Yes 5G,,,,
iPhone 16 Pro 1TB,Telco U,U Postpaid 98,"7,499",274,98,372,"8,928",24,< RM100 plan,Save up to,RM792,with Yes 5G,,,,
iPhone 16 Pro 1TB,Telco CD,Postpaid 5G 100,"7,499",284,90,374,"8,976",24,< RM100 plan,Save up to,RM840,with Yes 5G,,,,
iPhone 16 Pro 1TB,Yes 5G,Infinite+ Premium 118,"7,499",245,118,363,"8,712",24,RM101 - RM149 plan,,,,,,,
iPhone 16 Pro 1TB,Telco CD,Postpaid 5G 120,"7,499",271,110,381,"9,144",24,RM101 - RM149 plan,Save up to,RM432,with Yes 5G,,,,
iPhone 16 Pro 1TB,Telco M,Telco M Postpaid 109,"7,499",284,109,393,"9,432",24,RM101 - RM149 plan,Save up to,RM720,with Yes 5G,,,,
iPhone 16 Pro 1TB,Telco CD,Postpaid 5G 140,"7,499",269,130,399,"9,576",24,RM101 - RM149 plan,Save up to,RM864,with Yes 5G,,,,
iPhone 16 Pro 1TB,Telco M,Telco M Postpaid 139,"7,499",270,139,409,"9,816",24,RM101 - RM149 plan,Save up to,"RM1,104",with Yes 5G,,,,
iPhone 16 Pro 1TB,Yes 5G,Infinite+ Ultra 178,"7,499",201,178,379,"9,096",24,> RM150 plan,,,,,,,
iPhone 16 Pro 1TB,Telco CD,Postpaid 5G 160,"7,499",267,150,417,"10,008",24,> RM150 plan,Save up to,RM912,with Yes 5G,,,,
iPhone 16 Pro 1TB,Telco M,Telco M Postpaid 169,"7,499",267,169,436,"10,464",24,> RM150 plan,Save up to,"RM1,368",with Yes 5G,,,,
iPhone 16 Pro 1TB,Telco M,Telco M Postpaid 199,"7,499",264,199,463,"11,112",24,> RM150 plan,Save up to,"RM2,016",with Yes 5G,,,,
iPhone 16 Pro Max 256GB,Yes 5G,Infinite+ Basic 58,"5,999",224,58,282,"6,768",24,< RM100 plan,,,,,,,
iPhone 16 Pro Max 256GB,Yes 5G,Infinite+ Standard ,"5,999",207,88,295,"7,080",24,< RM100 plan,,,,,,,
iPhone 16 Pro Max 256GB,Telco U,U Postpaid 68,"5,999",227,68,295,"7,080",24,< RM100 plan,Save up to,RM312,with Yes 5G,,,,
iPhone 16 Pro Max 256GB,Telco U,U Postpaid 98,"5,999",217,98,315,"7,560",24,< RM100 plan,Save up to,RM792,with Yes 5G,,,,
iPhone 16 Pro Max 256GB,Telco CD,Postpaid 5G 100,"5,999",227,90,317,"7,608",24,< RM100 plan,Save up to,RM840,with Yes 5G,,,,
iPhone 16 Pro Max 256GB,Yes 5G,Infinite+ Premium 118,"5,999",188,118,306,"7,344",24,RM101 - RM149 plan,,,,,,,
iPhone 16 Pro Max 256GB,Telco CD,Postpaid 5G 120,"5,999",215,110,325,"7,800",24,RM101 - RM149 plan,Save up to,RM456,with Yes 5G,,,,
iPhone 16 Pro Max 256GB,Telco M,Telco M Postpaid 109,"5,999",227,109,336,"8,064",24,RM101 - RM149 plan,Save up to,RM720,with Yes 5G,,,,
iPhone 16 Pro Max 256GB,Telco CD,Postpaid 5G 140,"5,999",212,130,342,"8,208",24,RM101 - RM149 plan,Save up to,RM864,with Yes 5G,,,,
iPhone 16 Pro Max 256GB,Telco M,Telco M Postpaid 139,"5,999",213,139,352,"8,448",24,RM101 - RM149 plan,Save up to,"RM1,104",with Yes 5G,,,,
iPhone 16 Pro Max 256GB,Yes 5G,Infinite+ Ultra 178,"5,999",144,178,322,"7,728",24,> RM150 plan,,,,,,,
iPhone 16 Pro Max 256GB,Telco CD,Postpaid 5G 160,"5,999",210,150,360,"8,640",24,> RM150 plan,Save up to,RM912,with Yes 5G,,,,
iPhone 16 Pro Max 256GB,Telco M,Telco M Postpaid 169,"5,999",210,169,379,"9,096",24,> RM150 plan,Save up to,"RM1,368",with Yes 5G,,,,
iPhone 16 Pro Max 256GB,Telco M,Telco M Postpaid 199,"5,999",207,199,406,"9,744",24,> RM150 plan,Save up to,"RM2,016",with Yes 5G,,,,
iPhone 16 Pro Max 512GB,Yes 5G,Infinite+ Basic 58,"6,999",262,58,320,"7,680",24,< RM100 plan,,,,,,,
iPhone 16 Pro Max 512GB,Yes 5G,Infinite+ Standard 88,"6,999",245,88,333,"7,992",24,< RM100 plan,,,,,,,
iPhone 16 Pro Max 512GB,Telco U,U Postpaid 68,"6,999",265,68,333,"7,992",24,< RM100 plan,Save up to,RM312,with Yes 5G,,,,
iPhone 16 Pro Max 512GB,Telco U,U Postpaid 98,"6,999",255,98,353,"8,472",24,< RM100 plan,Save up to,RM792,with Yes 5G,,,,
iPhone 16 Pro Max 512GB,Telco CD,Postpaid 5G 100,"6,999",265,90,355,"8,520",24,< RM100 plan,Save up to,RM840,with Yes 5G,,,,
iPhone 16 Pro Max 512GB,Yes 5G,Infinite+ Premium 118,"6,999",226,118,344,"8,256",24,RM101 - RM149 plan,,,,,,,
iPhone 16 Pro Max 512GB,Telco CD,Postpaid 5G 120,"6,999",252,110,362,"8,688",24,RM101 - RM149 plan,Save up to,RM432,with Yes 5G,,,,
iPhone 16 Pro Max 512GB,Telco M,Telco M Postpaid 109,"6,999",265,109,374,"8,976",24,RM101 - RM149 plan,Save up to,RM720,with Yes 5G,,,,
iPhone 16 Pro Max 512GB,Telco CD,Postpaid 5G 140 ,"6,999",250,130,380,"9,120",24,RM101 - RM149 plan,Save up to,RM864,with Yes 5G,,,,
iPhone 16 Pro Max 512GB,Telco M,Telco M Postpaid 139,"6,999",251,139,390,"9,360",24,RM101 - RM149 plan,Save up to,"RM1,104",with Yes 5G,,,,
iPhone 16 Pro Max 512GB,Yes 5G,Infinite+ Ultra 178,"6,999",182,178,360,"8,640",24,> RM150 plan,,,,,,,
iPhone 16 Pro Max 512GB,Telco CD,Postpaid 5G 160,"6,999",248,150,398,"9,552",24,> RM150 plan,Save up to,RM912,with Yes 5G,,,,
iPhone 16 Pro Max 512GB,Telco M,Telco M Postpaid 169,"6,999",248,169,417,"10,008",24,> RM150 plan,Save up to,"RM1,368",with Yes 5G,,,,
iPhone 16 Pro Max 512GB,Telco M,Telco M Postpaid 199,"6,999",245,199,444,"10,656",24,> RM150 plan,Save up to,"RM2,016",with Yes 5G,,,,
iPhone 16 Pro Max 1TB,Yes 5G,Infinite+ Basic 58,"7,999",300,58,358,"8,592",24,< RM100 plan,,,,,,,
iPhone 16 Pro Max 1TB,Yes 5G,Infinite+ Standard 88,"7,999",283,88,371,"8,904",24,< RM100 plan,,,,,,,
iPhone 16 Pro Max 1TB,Telco U,U Postpaid 68,"7,999",303,68,371,"8,904",24,< RM100 plan,Save up to,RM312,with Yes 5G,,,,
iPhone 16 Pro Max 1TB,Telco U,U Postpaid 98,"7,999",293,98,391,"9,384",24,< RM100 plan,Save up to,RM792,with Yes 5G,,,,
iPhone 16 Pro Max 1TB,Telco CD,Postpaid 5G 100,"7,999",303,90,393,"9,432",24,< RM100 plan,Save up to,RM840,with Yes 5G,,,,
iPhone 16 Pro Max 1TB,Yes 5G,Infinite+ Premium 118,"7,999",264,118,382,"9,168",24,RM101 - RM149 plan,,,,,,,
iPhone 16 Pro Max 1TB,Telco CD,Postpaid 5G 120,"7,999",290,110,400,"9,600",24,RM101 - RM149 plan,Save up to,RM432,with Yes 5G,,,,
iPhone 16 Pro Max 1TB,Telco M,Telco M Postpaid 109,"7,999",303,109,412,"9,888",24,RM101 - RM149 plan,Save up to,RM720,with Yes 5G,,,,
iPhone 16 Pro Max 1TB,Telco CD,Postpaid 5G 140,"7,999",288,130,418,"10,032",24,RM101 - RM149 plan,Save up to,RM864,with Yes 5G,,,,
iPhone 16 Pro Max 1TB,Telco M,Telco M Postpaid 139,"7,999",289,139,428,"10,272",24,RM101 - RM149 plan,Save up to,"RM1,104",with Yes 5G,,,,
iPhone 16 Pro Max 1TB,Yes 5G,Infinite+ Ultra 178,"7,999",220,178,398,"9,552",24,> RM150 plan,,,,,,,
iPhone 16 Pro Max 1TB,Telco CD,Postpaid 5G 160,"7,999",286,150,436,"10,464",24,> RM150 plan,Save up to,RM912,with Yes 5G,,,,
iPhone 16 Pro Max 1TB,Telco M,Telco M Postpaid 169,"7,999",286,169,455,"10,920",24,> RM150 plan,Save up to,"RM1,368",with Yes 5G,,,,
iPhone 16 Pro Max 1TB,Telco M,Telco M Postpaid 199,"7,999",283,199,482,"11,568",24,> RM150 plan,Save up to,"RM2,016",with Yes 5G,,,,
iPhone 16 128GB,Yes 5G,Infinite Cashback Basic 58,"3,999","3,999",58,455,"3,544",No Contract,> RM150 plan,,,,,,,
iPhone 16 128GB,Yes 5G,Infinite Cashback Standard 88,"3,999","3,999",88,"1,470","2,529",No Contract,> RM150 plan,,,,,,,
iPhone 16 128GB,Retailer A,-,"3,999","3,999",99,,"3,999",No Contract,> RM150 plan,Save up to,"RM1,470",with Yes 5G,,,,
iPhone 16 128GB,Retailer S,-,"3,999","3,999",99,,"3,999",No Contract,> RM150 plan,Save up to,"RM1,470",with Yes 5G,,,,
iPhone 16 128GB,Retailer M,-,"3,999","3,999",99,,"3,999",No Contract,> RM150 plan,Save up to,"RM1,470",with Yes 5G,,,,
iPhone 16 128GB,Yes 5G,Infinite Cashback Premium 118,"3,999","3,999",118,"2,170","1,829",No Contract,> RM150 plan,,,,,,,
iPhone 16 128GB,Retailer A,-,"3,999","3,999",120,,"3,999",No Contract,> RM150 plan,Save up to,"RM2,170",with Yes 5G,,,,
iPhone 16 128GB,Retailer S,-,"3,999","3,999",120,,"3,999",No Contract,> RM150 plan,Save up to,"RM2,170",with Yes 5G,,,,
iPhone 16 128GB,Retailer M,-,"3,999","3,999",120,,"3,999",No Contract,> RM150 plan,Save up to,"RM2,170",with Yes 5G,,,,
iPhone 16 128GB,Yes 5G,Infinite Cashback Ultra 178,"3,999","3,999",178,"3,395",604,No Contract,> RM150 plan,,,,,,,
iPhone 16 128GB,Retailer A,-,"3,999","3,999",180,,"3,999",No Contract,> RM150 plan,Save up to,"RM3,395",with Yes 5G,,,,
iPhone 16 128GB,Retailer S,-,"3,999","3,999",180,,"3,999",No Contract,> RM150 plan,Save up to,"RM3,395",with Yes 5G,,,,
iPhone 16 128GB,Retailer M,-,"3,999","3,999",180,,"3,999",No Contract,> RM150 plan,Save up to,"RM3,395",with Yes 5G,,,,
iPhone 16 256GB,Yes 5G,Infinite Cashback Basic 58,"4,499","4,499",58,490,"4,009",No Contract,> RM150 plan,,,,,,,
iPhone 16 256GB,Yes 5G,Infinite Cashback Standard 88,"4,499","4,499",88,"1,120","3,379",No Contract,> RM150 plan,,,,,,,
iPhone 16 256GB,Retailer A,-,"4,499","4,499",99,,"4,499",No Contract,> RM150 plan,Save up to,"RM1,120",with Yes 5G,,,,
iPhone 16 256GB,Retailer S,-,"4,499","4,499",99,,"4,499",No Contract,> RM150 plan,Save up to,"RM1,120",with Yes 5G,,,,
iPhone 16 256GB,Retailer M,-,"4,499","4,499",99,,"4,499",No Contract,> RM150 plan,Save up to,"RM1,120",with Yes 5G,,,,
iPhone 16 256GB,Yes 5G,Infinite Cashback Premium 118,"4,499","4,499",118,"1,855","2,644",No Contract,> RM150 plan,,,,,,,
iPhone 16 256GB,Retailer A,-,"4,499","4,499",120,,"4,499",No Contract,> RM150 plan,Save up to,"RM1,855",with Yes 5G,,,,
iPhone 16 256GB,Retailer S,-,"4,499","4,499",120,,"4,499",No Contract,> RM150 plan,Save up to,"RM1,855",with Yes 5G,,,,
iPhone 16 256GB,Retailer M,-,"4,499","4,499",120,,"4,499",No Contract,> RM150 plan,Save up to,"RM1,855",with Yes 5G,,,,
iPhone 16 256GB,Yes 5G,Infinite Cashback Ultra 178,"4,499","4,499",178,"3,430","1,069",No Contract,> RM150 plan,,,,,,,
iPhone 16 256GB,Retailer A,-,"4,499","4,499",180,,"4,499",No Contract,> RM150 plan,Save up to,"RM3,430",with Yes 5G,,,,
iPhone 16 256GB,Retailer S,-,"4,499","4,499",180,,"4,499",No Contract,> RM150 plan,Save up to,"RM3,430",with Yes 5G,,,,
iPhone 16 256GB,Retailer M,-,"4,499","4,499",180,,"4,499",No Contract,> RM150 plan,Save up to,"RM3,430",with Yes 5G,,,,
iPhone 16 512GB,Yes 5G,Infinite Cashback Basic 58,"5,499","5,499",58,595,"4,904",No Contract,> RM150 plan,,,,,,,
iPhone 16 512GB,Yes 5G,Infinite Cashback Standard 88,"5,499","5,499",88,"1,225","4,274",No Contract,> RM150 plan,,,,,,,
iPhone 16 512GB,Retailer A,-,"5,499","5,499",99,,"5,499",No Contract,> RM150 plan,Save up to,"RM1,225",with Yes 5G,,,,
iPhone 16 512GB,Retailer S,-,"5,499","5,499",99,,"5,499",No Contract,> RM150 plan,Save up to,"RM1,225",with Yes 5G,,,,
iPhone 16 512GB,Retailer M,-,"5,499","5,499",99,,"5,499",No Contract,> RM150 plan,Save up to,"RM1,225",with Yes 5G,,,,
iPhone 16 512GB,Yes 5G,Infinite Cashback Premium 118,"5,499","5,499",118,"1,925","3,574",No Contract,> RM150 plan,,,,,,,
iPhone 16 512GB,Retailer A,-,"5,499","5,499",120,,"5,499",No Contract,> RM150 plan,Save up to,"RM1,925",with Yes 5G,,,,
iPhone 16 512GB,Retailer S,-,"5,499","5,499",120,,"5,499",No Contract,> RM150 plan,Save up to,"RM1,925",with Yes 5G,,,,
iPhone 16 512GB,Retailer M,-,"5,499","5,499",120,,"5,499",No Contract,> RM150 plan,Save up to,"RM1,925",with Yes 5G,,,,
iPhone 16 512GB,Yes 5G,Infinite Cashback Ultra 178,"5,499","5,499",178,"3,500","1,999",No Contract,> RM150 plan,,,,,,,
iPhone 16 512GB,Retailer A,-,"5,499","5,499",180,,"5,499",No Contract,> RM150 plan,Save up to,"RM3,500",with Yes 5G,,,,
iPhone 16 512GB,Retailer S,-,"5,499","5,499",180,,"5,499",No Contract,> RM150 plan,Save up to,"RM3,500",with Yes 5G,,,,
iPhone 16 512GB,Retailer M,-,"5,499","5,499",180,,"5,499",No Contract,> RM150 plan,Save up to,"RM3,500",with Yes 5G,,,,
iPhone 16 Plus 128GB,Yes 5G,Infinite Cashback Basic 58,"4,499","4,499",58,490,"4,009",No Contract,> RM150 plan,,,,,,,
iPhone 16 Plus 128GB,Yes 5G,Infinite Cashback Standard 88,"4,499","4,499",88,"1,120","3,379",No Contract,> RM150 plan,,,,,,,
iPhone 16 Plus 128GB,Retailer A,-,"4,499","4,499",99,,"4,499",No Contract,> RM150 plan,Save up to,"RM1,120",with Yes 5G,,,,
iPhone 16 Plus 128GB,Retailer S,-,"4,499","4,499",99,,"4,499",No Contract,> RM150 plan,Save up to,"RM1,120",with Yes 5G,,,,
iPhone 16 Plus 128GB,Retailer M,-,"4,499","4,499",99,,"4,499",No Contract,> RM150 plan,Save up to,"RM1,120",with Yes 5G,,,,
iPhone 16 Plus 128GB,Yes 5G,Infinite Cashback Premium 118,"4,499","4,499",118,"1,855","2,644",No Contract,> RM150 plan,,,,,,,
iPhone 16 Plus 128GB,Retailer A,-,"4,499","4,499",120,,"4,499",No Contract,> RM150 plan,Save up to,"RM1,855",with Yes 5G,,,,
iPhone 16 Plus 128GB,Retailer S,-,"4,499","4,499",120,,"4,499",No Contract,> RM150 plan,Save up to,"RM1,855",with Yes 5G,,,,
iPhone 16 Plus 128GB,Retailer M,-,"4,499","4,499",120,,"4,499",No Contract,> RM150 plan,Save up to,"RM1,855",with Yes 5G,,,,
iPhone 16 Plus 128GB,Yes 5G,Infinite Cashback Ultra 178,"4,499","4,499",178,"3,430","1,069",No Contract,> RM150 plan,,,,,,,
iPhone 16 Plus 128GB,Retailer A,-,"4,499","4,499",180,,"4,499",No Contract,> RM150 plan,Save up to,"RM3,430",with Yes 5G,,,,
iPhone 16 Plus 128GB,Retailer S,-,"4,499","4,499",180,,"4,499",No Contract,> RM150 plan,Save up to,"RM3,430",with Yes 5G,,,,
iPhone 16 Plus 128GB,Retailer M,-,"4,499","4,499",180,,"4,499",No Contract,> RM150 plan,Save up to,"RM3,430",with Yes 5G,,,,
iPhone 16 Plus 256GB,Yes 5G,Infinite Cashback Basic 58,"4,999","4,999",58,560,"4,439",No Contract,> RM150 plan,,,,,,,
iPhone 16 Plus 256GB,Yes 5G,Infinite Cashback Standard 88,"4,999","4,999",88,"1,190","3,809",No Contract,> RM150 plan,,,,,,,
iPhone 16 Plus 256GB,Retailer A,-,"4,999","4,999",99,,"4,999",No Contract,> RM150 plan,Save up to,"RM1,190",with Yes 5G,,,,
iPhone 16 Plus 256GB,Retailer S,-,"4,999","4,999",99,,"4,999",No Contract,> RM150 plan,Save up to,"RM1,190",with Yes 5G,,,,
iPhone 16 Plus 256GB,Retailer M,-,"4,999","4,999",99,,"4,999",No Contract,> RM150 plan,Save up to,"RM1,190",with Yes 5G,,,,
iPhone 16 Plus 256GB,Yes 5G,Infinite Cashback Premium 118,"4,999","4,999",118,"1,890","3,109",No Contract,> RM150 plan,,,,,,,
iPhone 16 Plus 256GB,Retailer A,-,"4,999","4,999",120,,"4,999",No Contract,> RM150 plan,Save up to,"RM1,890",with Yes 5G,,,,
iPhone 16 Plus 256GB,Retailer S,-,"4,999","4,999",120,,"4,999",No Contract,> RM150 plan,Save up to,"RM1,890",with Yes 5G,,,,
iPhone 16 Plus 256GB,Retailer M,-,"4,999","4,999",120,,"4,999",No Contract,> RM150 plan,Save up to,"RM1,890",with Yes 5G,,,,
iPhone 16 Plus 256GB,Yes 5G,Infinite Cashback Ultra 178,"4,999","4,999",178,"3,465","1,534",No Contract,> RM150 plan,,,,,,,
iPhone 16 Plus 256GB,Retailer A,-,"4,999","4,999",180,,"4,999",No Contract,> RM150 plan,Save up to,"RM3,465",with Yes 5G,,,,
iPhone 16 Plus 256GB,Retailer S,-,"4,999","4,999",180,,"4,999",No Contract,> RM150 plan,Save up to,"RM3,465",with Yes 5G,,,,
iPhone 16 Plus 256GB,Retailer M,-,"4,999","4,999",180,,"4,999",No Contract,> RM150 plan,Save up to,"RM3,465",with Yes 5G,,,,
iPhone 16 Plus 512GB,Yes 5G,Infinite Cashback Basic 58,"5,999","5,999",58,630,"5,369",No Contract,> RM150 plan,,,,,,,
iPhone 16 Plus 512GB,Yes 5G,Infinite Cashback Standard 88,"5,999","5,999",88,"1,260","4,739",No Contract,> RM150 plan,,,,,,,
iPhone 16 Plus 512GB,Retailer A,-,"5,999","5,999",99,,"5,999",No Contract,> RM150 plan,Save up to,"RM1,260",with Yes 5G,,,,
iPhone 16 Plus 512GB,Retailer S,-,"5,999","5,999",99,,"5,999",No Contract,> RM150 plan,Save up to,"RM1,260",with Yes 5G,,,,
iPhone 16 Plus 512GB,Retailer M,-,"5,999","5,999",99,,"5,999",No Contract,> RM150 plan,Save up to,"RM1,260",with Yes 5G,,,,
iPhone 16 Plus 512GB,Yes 5G,Infinite Cashback Premium 118,"5,999","5,999",118,"1,995","4,004",No Contract,> RM150 plan,,,,,,,
iPhone 16 Plus 512GB,Retailer A,-,"5,999","5,999",120,,"5,999",No Contract,> RM150 plan,Save up to,"RM1,995",with Yes 5G,,,,
iPhone 16 Plus 512GB,Retailer S,-,"5,999","5,999",120,,"5,999",No Contract,> RM150 plan,Save up to,"RM1,995",with Yes 5G,,,,
iPhone 16 Plus 512GB,Retailer M,-,"5,999","5,999",120,,"5,999",No Contract,> RM150 plan,Save up to,"RM1,995",with Yes 5G,,,,
iPhone 16 Plus 512GB,Yes 5G,Infinite Cashback Ultra 178,"5,999","5,999",178,"3,570","2,429",No Contract,> RM150 plan,,,,,,,
iPhone 16 Plus 512GB,Retailer A,-,"5,999","5,999",180,,"5,999",No Contract,> RM150 plan,Save up to,"RM3,570",with Yes 5G,,,,
iPhone 16 Plus 512GB,Retailer S,-,"5,999","5,999",180,,"5,999",No Contract,> RM150 plan,Save up to,"RM3,570",with Yes 5G,,,,
iPhone 16 Plus 512GB,Retailer M,-,"5,999","5,999",180,,"5,999",No Contract,> RM150 plan,Save up to,"RM3,570",with Yes 5G,,,,
iPhone 16 Pro 128GB,Yes 5G,Infinite Cashback Basic 58,"4,999","4,999",58,560,"4,439",No Contract,> RM150 plan,,,,,,,
iPhone 16 Pro 128GB,Yes 5G,Infinite Cashback Standard 88,"4,999","4,999",88,"1,190","3,809",No Contract,> RM150 plan,,,,,,,
iPhone 16 Pro 128GB,Retailer A,-,"4,999","4,999",99,,"4,999",No Contract,> RM150 plan,Save up to,"RM1,190",with Yes 5G,,,,
iPhone 16 Pro 128GB,Retailer S,-,"4,999","4,999",99,,"4,999",No Contract,> RM150 plan,Save up to,"RM1,190",with Yes 5G,,,,
iPhone 16 Pro 128GB,Retailer M,-,"4,999","4,999",99,,"4,999",No Contract,> RM150 plan,Save up to,"RM1,190",with Yes 5G,,,,
iPhone 16 Pro 128GB,Yes 5G,Infinite Cashback Premium 118,"4,999","4,999",118,"1,890","3,109",No Contract,> RM150 plan,,,,,,,
iPhone 16 Pro 128GB,Retailer A,-,"4,999","4,999",120,,"4,999",No Contract,> RM150 plan,Save up to,"RM1,890",with Yes 5G,,,,
iPhone 16 Pro 128GB,Retailer S,-,"4,999","4,999",120,,"4,999",No Contract,> RM150 plan,Save up to,"RM1,890",with Yes 5G,,,,
iPhone 16 Pro 128GB,Retailer M,-,"4,999","4,999",120,,"4,999",No Contract,> RM150 plan,Save up to,"RM1,890",with Yes 5G,,,,
iPhone 16 Pro 128GB,Yes 5G,Infinite Cashback Ultra 178,"4,999","4,999",178,"3,675","1,324",No Contract,> RM150 plan,,,,,,,
iPhone 16 Pro 128GB,Retailer A,-,"4,999","4,999",180,,"4,999",No Contract,> RM150 plan,Save up to,"RM3,675",with Yes 5G,,,,
iPhone 16 Pro 128GB,Retailer S,-,"4,999","4,999",180,,"4,999",No Contract,> RM150 plan,Save up to,"RM3,675",with Yes 5G,,,,
iPhone 16 Pro 128GB,Retailer M,-,"4,999","4,999",180,,"4,999",No Contract,> RM150 plan,Save up to,"RM3,675",with Yes 5G,,,,
iPhone 16 Pro 256GB,Yes 5G,Infinite Cashback Basic 58,"5,499","5,499",58,595,"4,904",No Contract,> RM150 plan,,,,,,,
iPhone 16 Pro 256GB,Yes 5G,Infinite Cashback Standard 88,"5,499","5,499",88,"1,225","4,274",No Contract,> RM150 plan,,,,,,,
iPhone 16 Pro 256GB,Retailer A,-,"5,499","5,499",99,,"5,499",No Contract,> RM150 plan,Save up to,"RM1,225",with Yes 5G,,,,
iPhone 16 Pro 256GB,Retailer S,-,"5,499","5,499",99,,"5,499",No Contract,> RM150 plan,Save up to,"RM1,225",with Yes 5G,,,,
iPhone 16 Pro 256GB,Retailer M,-,"5,499","5,499",99,,"5,499",No Contract,> RM150 plan,Save up to,"RM1,225",with Yes 5G,,,,
iPhone 16 Pro 256GB,Yes 5G,Infinite Cashback Premium 118,"5,499","5,499",118,"1,925","3,574",No Contract,> RM150 plan,,,,,,,
iPhone 16 Pro 256GB,Retailer A,-,"5,499","5,499",120,,"5,499",No Contract,> RM150 plan,Save up to,"RM1,925",with Yes 5G,,,,
iPhone 16 Pro 256GB,Retailer S,-,"5,499","5,499",120,,"5,499",No Contract,> RM150 plan,Save up to,"RM1,925",with Yes 5G,,,,
iPhone 16 Pro 256GB,Retailer M,-,"5,499","5,499",120,,"5,499",No Contract,> RM150 plan,Save up to,"RM1,925",with Yes 5G,,,,
iPhone 16 Pro 256GB,Yes 5G,Infinite Cashback Ultra 178,"5,499","5,499",178,"3,500","1,999",No Contract,> RM150 plan,,,,,,,
iPhone 16 Pro 256GB,Retailer A,-,"5,499","5,499",180,,"5,499",No Contract,> RM150 plan,Save up to,"RM3,500",with Yes 5G,,,,
iPhone 16 Pro 256GB,Retailer S,-,"5,499","5,499",180,,"5,499",No Contract,> RM150 plan,Save up to,"RM3,500",with Yes 5G,,,,
iPhone 16 Pro 256GB,Retailer M,-,"5,499","5,499",180,,"5,499",No Contract,> RM150 plan,Save up to,"RM3,500",with Yes 5G,,,,
iPhone 16 Pro 512GB,Yes 5G,Infinite Cashback Basic 58,"6,499","6,499",58,700,"5,799",No Contract,> RM150 plan,,,,,,,
iPhone 16 Pro 512GB,Yes 5G,Infinite Cashback Standard 88,"6,499","6,499",88,"1,330","5,169",No Contract,> RM150 plan,,,,,,,
iPhone 16 Pro 512GB,Retailer A,-,"6,499","6,499",99,,"6,499",No Contract,> RM150 plan,Save up to,"RM1,330",with Yes 5G,,,,
iPhone 16 Pro 512GB,Retailer S,-,"6,499","6,499",99,,"6,499",No Contract,> RM150 plan,Save up to,"RM1,330",with Yes 5G,,,,
iPhone 16 Pro 512GB,Retailer M,-,"6,499","6,499",99,,"6,499",No Contract,> RM150 plan,Save up to,"RM1,330",with Yes 5G,,,,
iPhone 16 Pro 512GB,Yes 5G,Infinite Cashback Premium 118,"6,499","6,499",118,"2,030","4,469",No Contract,> RM150 plan,,,,,,,
iPhone 16 Pro 512GB,Retailer A,-,"6,499","6,499",120,,"6,499",No Contract,> RM150 plan,Save up to,"RM2,030",with Yes 5G,,,,
iPhone 16 Pro 512GB,Retailer S,-,"6,499","6,499",120,,"6,499",No Contract,> RM150 plan,Save up to,"RM2,030",with Yes 5G,,,,
iPhone 16 Pro 512GB,Retailer M,-,"6,499","6,499",120,,"6,499",No Contract,> RM150 plan,Save up to,"RM2,030",with Yes 5G,,,,
iPhone 16 Pro 512GB,Yes 5G,Infinite Cashback Ultra 178,"6,499","6,499",178,"3,605","2,894",No Contract,> RM150 plan,,,,,,,
iPhone 16 Pro 512GB,Retailer A,-,"6,499","6,499",180,,"6,499",No Contract,> RM150 plan,Save up to,"RM3,605",with Yes 5G,,,,
iPhone 16 Pro 512GB,Retailer S,-,"6,499","6,499",180,,"6,499",No Contract,> RM150 plan,Save up to,"RM3,605",with Yes 5G,,,,
iPhone 16 Pro 512GB,Retailer M,-,"6,499","6,499",180,,"6,499",No Contract,> RM150 plan,Save up to,"RM3,605",with Yes 5G,,,,
iPhone 16 Pro 1TB,Yes 5G,Infinite Cashback Basic 58,"7,499","7,499",58,770,"6,729",No Contract,> RM150 plan,,,,,,,
iPhone 16 Pro 1TB,Yes 5G,Infinite Cashback Standard 88,"7,499","7,499",88,"1,400","6,099",No Contract,> RM150 plan,,,,,,,
iPhone 16 Pro 1TB,Retailer A,-,"7,499","7,499",99,,"7,499",No Contract,> RM150 plan,Save up to,"RM1,400",with Yes 5G,,,,
iPhone 16 Pro 1TB,Retailer S,-,"7,499","7,499",99,,"7,499",No Contract,> RM150 plan,Save up to,"RM1,400",with Yes 5G,,,,
iPhone 16 Pro 1TB,Retailer M,-,"7,499","7,499",99,,"7,499",No Contract,> RM150 plan,Save up to,"RM1,400",with Yes 5G,,,,
iPhone 16 Pro 1TB,Yes 5G,Infinite Cashback Premium 118,"7,499","7,499",118,"2,065","5,434",No Contract,> RM150 plan,,,,,,,
iPhone 16 Pro 1TB,Retailer A,-,"7,499","7,499",120,,"7,499",No Contract,> RM150 plan,Save up to,"RM2,065",with Yes 5G,,,,
iPhone 16 Pro 1TB,Retailer S,-,"7,499","7,499",120,,"7,499",No Contract,> RM150 plan,Save up to,"RM2,065",with Yes 5G,,,,
iPhone 16 Pro 1TB,Retailer M,-,"7,499","7,499",120,,"7,499",No Contract,> RM150 plan,Save up to,"RM2,065",with Yes 5G,,,,
iPhone 16 Pro 1TB,Yes 5G,Infinite Cashback Ultra 178,"7,499","7,499",178,"3,710","3,789",No Contract,> RM150 plan,,,,,,,
iPhone 16 Pro 1TB,Retailer A,-,"7,499","7,499",180,,"7,499",No Contract,> RM150 plan,Save up to,"RM3,710",with Yes 5G,,,,
iPhone 16 Pro 1TB,Retailer S,-,"7,499","7,499",180,,"7,499",No Contract,> RM150 plan,Save up to,"RM3,710",with Yes 5G,,,,
iPhone 16 Pro 1TB,Retailer M,-,"7,499","7,499",180,,"7,499",No Contract,> RM150 plan,Save up to,"RM3,710",with Yes 5G,,,,
iPhone 16 Pro Max 256GB,Yes 5G,Infinite Cashback Basic 58,"5,999","5,999",58,630,"5,369",No Contract,> RM150 plan,,,,,,,
iPhone 16 Pro Max 256GB,Yes 5G,Infinite Cashback Standard 88,"5,999","5,999",88,"1,260","4,739",No Contract,> RM150 plan,,,,,,,
iPhone 16 Pro Max 256GB,Retailer A,-,"5,999","5,999",99,,"5,999",No Contract,> RM150 plan,Save up to,"RM1,260",with Yes 5G,,,,
iPhone 16 Pro Max 256GB,Retailer S,-,"5,999","5,999",99,,"5,999",No Contract,> RM150 plan,Save up to,"RM1,260",with Yes 5G,,,,
iPhone 16 Pro Max 256GB,Retailer M,-,"5,999","5,999",99,,"5,999",No Contract,> RM150 plan,Save up to,"RM1,260",with Yes 5G,,,,
iPhone 16 Pro Max 256GB,Yes 5G,Infinite Cashback Premium 118,"5,999","5,999",118,"1,995","4,004",No Contract,> RM150 plan,,,,,,,
iPhone 16 Pro Max 256GB,Retailer A,-,"5,999","5,999",120,,"5,999",No Contract,> RM150 plan,Save up to,"RM1,995",with Yes 5G,,,,
iPhone 16 Pro Max 256GB,Retailer S,-,"5,999","5,999",120,,"5,999",No Contract,> RM150 plan,Save up to,"RM1,995",with Yes 5G,,,,
iPhone 16 Pro Max 256GB,Retailer M,-,"5,999","5,999",120,,"5,999",No Contract,> RM150 plan,Save up to,"RM1,995",with Yes 5G,,,,
iPhone 16 Pro Max 256GB,Yes 5G,Infinite Cashback Ultra 178,"5,999","5,999",178,"3,570","2,429",No Contract,> RM150 plan,,,,,,,
iPhone 16 Pro Max 256GB,Retailer A,-,"5,999","5,999",180,,"5,999",No Contract,> RM150 plan,Save up to,"RM3,570",with Yes 5G,,,,
iPhone 16 Pro Max 256GB,Retailer S,-,"5,999","5,999",180,,"5,999",No Contract,> RM150 plan,Save up to,"RM3,570",with Yes 5G,,,,
iPhone 16 Pro Max 256GB,Retailer M,-,"5,999","5,999",180,,"5,999",No Contract,> RM150 plan,Save up to,"RM3,570",with Yes 5G,,,,
iPhone 16 Pro Max 512GB,Yes 5G,Infinite Cashback Basic 58,"6,999","6,999",58,735,"6,264",No Contract,> RM150 plan,,,,,,,
iPhone 16 Pro Max 512GB,Yes 5G,Infinite Cashback Standard 88,"6,999","6,999",88,"1,365","5,634",No Contract,> RM150 plan,,,,,,,
iPhone 16 Pro Max 512GB,Retailer A,-,"6,999","6,999",99,,"6,999",No Contract,> RM150 plan,Save up to,"RM1,365",with Yes 5G,,,,
iPhone 16 Pro Max 512GB,Retailer S,-,"6,999","6,999",99,,"6,999",No Contract,> RM150 plan,Save up to,"RM1,365",with Yes 5G,,,,
iPhone 16 Pro Max 512GB,Retailer M,-,"6,999","6,999",99,,"6,999",No Contract,> RM150 plan,Save up to,"RM1,365",with Yes 5G,,,,
iPhone 16 Pro Max 512GB,Yes 5G,Infinite Cashback Premium 118,"6,999","6,999",118,"2,065","4,934",No Contract,> RM150 plan,,,,,,,
iPhone 16 Pro Max 512GB,Retailer A,-,"6,999","6,999",120,,"6,999",No Contract,> RM150 plan,Save up to,"RM2,065",with Yes 5G,,,,
iPhone 16 Pro Max 512GB,Retailer S,-,"6,999","6,999",120,,"6,999",No Contract,> RM150 plan,Save up to,"RM2,065",with Yes 5G,,,,
iPhone 16 Pro Max 512GB,Retailer M,-,"6,999","6,999",120,,"6,999",No Contract,> RM150 plan,Save up to,"RM2,065",with Yes 5G,,,,
iPhone 16 Pro Max 512GB,Yes 5G,Infinite Cashback Ultra 178,"6,999","6,999",178,"3,640","3,359",No Contract,> RM150 plan,,,,,,,
iPhone 16 Pro Max 512GB,Retailer A,-,"6,999","6,999",180,,"6,999",No Contract,> RM150 plan,Save up to,"RM3,640",with Yes 5G,,,,
iPhone 16 Pro Max 512GB,Retailer S,-,"6,999","6,999",180,,"6,999",No Contract,> RM150 plan,Save up to,"RM3,640",with Yes 5G,,,,
iPhone 16 Pro Max 512GB,Retailer M,-,"6,999","6,999",180,,"6,999",No Contract,> RM150 plan,Save up to,"RM3,640",with Yes 5G,,,,
iPhone 16 Pro Max 1TB,Yes 5G,Infinite Cashback Basic 58,"7,999","7,999",58,805,"7,194",No Contract,> RM150 plan,,,,,,,
iPhone 16 Pro Max 1TB,Yes 5G,Infinite Cashback Standard 88,"7,999","7,999",88,"1,435","6,564",No Contract,> RM150 plan,,,,,,,
iPhone 16 Pro Max 1TB,Retailer A,-,"7,999","7,999",99,,"7,999",No Contract,> RM150 plan,Save up to,"RM1,435",with Yes 5G,,,,
iPhone 16 Pro Max 1TB,Retailer S,-,"7,999","7,999",99,,"7,999",No Contract,> RM150 plan,Save up to,"RM1,435",with Yes 5G,,,,
iPhone 16 Pro Max 1TB,Retailer M,-,"7,999","7,999",99,,"7,999",No Contract,> RM150 plan,Save up to,"RM1,435",with Yes 5G,,,,
iPhone 16 Pro Max 1TB,Yes 5G,Infinite Cashback Premium 118,"7,999","7,999",118,"2,135","5,864",No Contract,> RM150 plan,,,,,,,
iPhone 16 Pro Max 1TB,Retailer A,-,"7,999","7,999",120,,"7,999",No Contract,> RM150 plan,Save up to,"RM2,135",with Yes 5G,,,,
iPhone 16 Pro Max 1TB,Retailer S,-,"7,999","7,999",120,,"7,999",No Contract,> RM150 plan,Save up to,"RM2,135",with Yes 5G,,,,
iPhone 16 Pro Max 1TB,Retailer M,-,"7,999","7,999",120,,"7,999",No Contract,> RM150 plan,Save up to,"RM2,135",with Yes 5G,,,,
iPhone 16 Pro Max 1TB,Yes 5G,Infinite Cashback Ultra 178,"7,999","7,999",178,"3,745","4,254",No Contract,> RM150 plan,,,,,,,
iPhone 16 Pro Max 1TB,Retailer A,-,"7,999","7,999",180,,"7,999",No Contract,> RM150 plan,Save up to,"RM3,745",with Yes 5G,,,,
iPhone 16 Pro Max 1TB,Retailer S,-,"7,999","7,999",180,,"7,999",No Contract,> RM150 plan,Save up to,"RM3,745",with Yes 5G,,,,
iPhone 16 Pro Max 1TB,Retailer M,-,"7,999","7,999",180,,"7,999",No Contract,> RM150 plan,Save up to,"RM3,745",with Yes 5G,,,,